BallNose6;CenterDrill3;CenterDrill8x90;Countersink5x60;Countersink3x90;Countersink5x90;Countersink6x90;Countersink10x90;Countersink16x90;Countersink25x90;Drill1;Drill3;Drill35;Drill5;Drill65;Drill7;Drill125;Drill15;Drill20;FlatEnd4;FlatEnd5;Tap4;Tap5;Tap6;BallNose5Sum;CenterDrillx60Sum;CenterDrillx90Sum;DrillSum;FlatEndSum;FlatEndSum2;TapSum;Biaya;Source
0;0;0;0;0;1.12;0;0;0;0;0;0;0;0;0;0;0;0;0;0;0;0;0;0;0;1.18;0.18;1.81;62.61;1.96;3.33;172637;PGE
0;0;0;0;0;1.12;0;0;0;0;0;0;0;0;0;0;0;0;0;0;0;0;0;0;0;1.18;0.2;1.88;70.06;1.96;3.33;12818;PGE
0;0;0;0;0;1.32;0;0;0;0;0;0;0;0;0;0;0;0;0;0;0;0;0;0;0;1.18;0.22;1.94;70.55;1.96;3.33;11952;PGE
0;0;0;0;0;1.32;0;0;0;0;0;0;0;0;0;0;0;0;0;0;0;0;0;0;0;1.35;0.24;2.19;70.69;1.96;3.85;13906;PGE
0;0;0;0;0;1.63;0;0;0;0;0;0;0;0;0;0;0;0;0;0;0;0;0;0;0;1.46;0.27;2.72;74.47;1.96;3.97;37008;PGE
0;0;0.12;0;0;3.37;0;0;0;0;0;0.77;0;0;0;0;0;0;0;0;0;0;0;0;0;2.05;0.45;3.84;197.44;1.96;6.36;102150;PGE
0;0;0.12;0;0;3.59;0;0;0;0;0;0.77;0;0;0;0;0;0;0;0;0;0;0;0;0;2.05;0.47;4.32;202.53;4.36;6.36;17929;PGE
0;0;0.12;0;0;3.7;0;0;0;0;0;0.77;0;0;0;0;0;0;0;0;0;0;0;0;0;2.05;0.48;4.41;205.15;4.36;6.36;7965;PGE
0;0;0.12;0;0;5.94;0;0;0;0;0;0.77;0;0;0;0;0;0;0;0;0;0;0;0;0;2.49;1.02;7.51;233.29;4.36;7.35;172637;PGE
0;0;0.12;0;0;5.94;0;0;0;0;0;0.77;0;0;0;0;0;0;0;0;0;0;0;0;0;2.7;1.04;8.53;236.32;4.36;7.84;13906;PGE
0;0;0.13;0;0;6.15;0;0;0;0;0;0.77;0;0;0;0;0;0;0;0;0;0;0;0;0;2.79;1.06;8.83;238.49;4.36;7.84;9096;PGE
0;0;0.13;0;0;6.36;0;0;0;0;0;0.77;0;0;0;0;0;0;0;0;0;0;0;0;0;2.88;1.08;9.08;240.66;4.36;7.84;9096;PGE
0;0;0.14;0;0;6.57;0;0;0;0;0;0.77;0;0;0;0;0;0;0;0;0;0;0;0;0;2.97;1.1;9.38;242.83;4.36;7.84;9096;PGE
0;0;0.14;0;0;7.4;0;0;0;0;0;0.77;0;0;0;0;0;0;0;0;0;0;0;0;0;3.15;1.28;10.97;297.31;4.36;7.84;61121;PGE
0;0;0.14;0;0;7.4;0;0;0;0;0;0.77;0;0;0;0;0;0;0;0;0;0;0;0;0;3.15;1.34;11.28;299.69;4.36;7.84;10625;PGE
0;0;0.14;0;0;7.4;0;0;0;0;0;0.77;0;0;0;0;0;0;0;0;0;0;0;0;0;3.15;1.4;11.59;353.73;4.36;7.84;10625;PGE
0;0;0.14;0;0;9.1;0;0;0;0;0;0.77;0;0;0;0;0;0;0;0;0;0;0;0;0;3.4;1.59;13.09;380.05;4.36;8.82;147229;PGE
0;0;0.14;0;0;9.1;0;0;0;0;0;0.77;0;0;0;0;0;0;0;0;0;0;0;0;0;3.4;1.65;13.09;382.67;4.36;8.82;8364;PGE
0;0;0.14;0;0;9.1;0;0;0;0;0;0.77;0;0;0;0;0;0;0;0;0;0;0;0;0;3.4;1.66;13.09;386.85;4.36;8.82;8282;PGE
0;0;0.14;0;0;9.1;0;0;0;0;0;0.77;0;0;0;0;0;0;0;0;0;0;0;0;0;3.57;1.68;13.32;386.99;4.36;9.35;16078;PGE
0;0;0.14;0;0;9.1;0;0;0;0;0;0.77;0;0;0;0;0;0;0;0;0;0;0;0;0;3.74;1.7;13.57;387.31;4.36;9.88;16078;PGE
0;0;0.14;0;0;9.1;0;0;0;0;0;0.77;0;0;0;0;0;0;0;0;0;0;0;0;0;3.92;1.7;13.82;387.31;4.36;10.16;9617;PGE
0;0;0.14;0;0;9.72;0;0;0;0;0;0.77;0;0;0;0;0;0;0;0;0;0;0;0;0;4.05;1.77;14.39;391.71;6.47;10.43;34711;PGE
0;0;0.14;0;0;9.72;0;0;0;0;0;0.77;0;0;0;0;0;0;0;0;0;0;0;0;0;4.27;1.77;14.73;395.52;6.47;10.79;12023;PGE
0;0;0.14;0;0;9.72;0;0;0;0;0;0.77;0;0;0;0;0;0;0;0;0;0;0;0;0;4.49;1.77;15.07;399.33;6.47;11.15;13402;PGE
0;0;0.14;0;0;9.92;0;0;0;0;0;0.77;0;0;0;0;0;0;0;0;0;0;0;0;0;4.53;1.79;15.31;405.62;6.47;11.15;21843;PGE
0;0;0.14;0;0;11.02;0;0;0;0;0;0.77;0;0;0;0;0;0;0;0;0;0;0;0;0;5.18;1.93;18.22;433.59;6.47;12.35;147299;PGE
0;0;0.14;0;0;11.02;0;0;0;0;0;0.77;0;0;0;0;0;0;0;0;0;0;0;0;0;5.39;1.95;19.26;436.62;6.47;12.87;16078;PGE
0;0;0.14;0;0;11.42;0;0;0;0.06;0;0.77;0;0;0;0;0;0;0;0;0;0;0;0;0;5.92;1.99;22.39;444.86;6.47;14.01;65743;PGE
0;0;0.14;0;0;11.85;0;0;0;0.06;0;0.77;0;0;0;0;0;0;0;0;0;0;0;0;0;6.54;2.14;24.85;550.93;6.47;15.65;83192;PGE
0;0;0.14;0;0;11.85;0;0;0;0.06;0;0.77;0;0;0;0;0;0;0;0;0;0;0;0;0;6.54;2.2;25.16;553.31;6.47;15.65;10750;PGE
0;0;0.14;0;0;11.85;0;0;0;0.06;0;0.77;0;0;0;0;0;0;0;0;0;0;0;0;0;6.54;2.26;25.47;608.21;6.47;15.65;10750;PGE
0;0;0.14;0;0;13.63;0;0;0.23;0.06;0;0.77;0;0;0;0;0;0;0;0;0;0;0;0;0;7.01;2.46;27.28;665.76;6.47;16.84;145775;PGE
0;0;0.14;0;0;13.63;0;0;0.23;0.06;0;0.77;0;0;0;0;0;0;0;0;0;0;0;0;0;7.02;2.46;27.28;668.46;6.47;16.87;8364;PGE
0;0;0.14;0;0;13.63;0;0;0.23;0.06;0;0.77;0;0;0;0;0;0;0;0;0;0;0;0;0;7.03;2.46;27.28;672.64;6.47;16.9;8553;PGE
0;0;0.14;0;0;13.63;0;0;0.23;0.06;0;0.77;0;0;0;0;0;0;0;0;0;0;0;0;0;7.2;2.48;27.57;672.78;6.47;17.5;16078;PGE
0;0;0.14;0;0;13.83;0;0;0.23;0.06;0;0.77;0;0;0;0;0;0;0;0;0;0;0;0;0;7.4;2.52;28;679.3;7.21;17.97;24208;PGE
0;0;0.14;0;0;13.83;0;0;0.23;0.06;0;0.77;0;0;0;0;0;0;0;0;0;0;0;0;0;7.42;2.52;28;679.3;7.21;18.13;7832;PGE
0;0;0.14;0;0;13.83;0;0;0.23;0.06;0;0.77;0;0;0;0;0;0;0;0.95;0;0;0;0;0;7.54;2.56;28.51;689.33;7.21;18.34;9676;PGE
0;0;0.14;0;0;14.28;0;0;0.23;0.06;0;0.77;0;0;0;0;0;0;0;0.95;0;0;0;0;0;7.64;2.64;28.95;834.67;7.21;18.34;48802;PGE
0;0;0.14;0;0;14.96;0;0;0.23;0.06;0;0.77;0;0;0;0;0;0;0;0.95;0;0;0;0;0;8.19;2.82;31.42;944.29;7.21;18.94;70421;PGE
0;0;0.14;0;0;14.96;0;0;0.23;0.06;0;0.77;0;0;0;0;0;0;0;0.95;0;0;0;0;0;8.19;2.84;31.49;953.46;7.21;18.94;9354;PGE
0;0;0.14;0;0;15.87;0;0;0.23;0.06;0;0.77;0;0;0;0;0;0;0;0.95;0;0;0;0;0;8.47;2.98;32.33;991.08;7.21;20.12;145775;PGE
0;0;0.14;0;0;15.87;0;0;0.23;0.06;0;0.77;0;0;0;0;0;0;0;0.95;0;0;0;0;0;8.68;3;33.46;994.2;7.21;20.72;16078;PGE
0;0;0.14;0;0;15.87;0;0;0.23;0.06;0;0.77;0;0;0;0;0;0;0;0.95;0;0;0;0;0;8.68;3.06;33.77;996.58;7.21;20.72;11250;PGE
0;0;0.14;0;0;15.87;0;0;0.23;0.06;0;0.77;0;0;0;0;0;0;0;0.95;0;0;0;0;0;8.68;3.12;34.08;1057.29;7.21;20.72;11250;PGE
0.17;0;0.14;0;0;16.07;0;0;0.23;0.06;0;0.77;0;0;0;0;0;0;0;0.95;0;0;0;0;0;8.68;3.14;34.14;1060.89;7.21;20.72;10000;PGE
0.42;0;0.14;0;0;16.27;0;0;0.23;0.06;0;0.77;0;0;0;0;0;0;0;0.95;0;0;0;0;0;8.68;3.16;34.2;1067.88;7.21;20.72;10000;PGE
0.42;0;0.14;0;0;17.55;0;0;0.23;0.06;0;0.77;0;0;0;0;0;0;0;0.95;0;0;0;0;0;8.91;3.3;35.22;1116.62;7.21;21.69;122436;PGE
0.42;0;0.14;0;0;17.55;0;0;0.23;0.06;0;0.77;0;0;0;0;0;0;0;0.95;0;0;0;0;0;8.91;3.31;35.22;1121.27;7.21;21.69;8621;PGE
0.42;0;0.14;0;0;17.55;0;0;0.23;0.06;0;0.77;0;0;0;0;0;0;0;0.95;0;0;0;0;0;9.08;3.33;35.51;1121.41;7.21;22.22;16421;PGE
0.42;0;0.14;0;0;17.55;0;0;0.23;0.06;0;0.77;0;0;0;0;0;0;0;0.95;0;0;0;0;0;9.33;3.33;35.85;1128.47;7.21;22.76;35668;PGE
0.42;0;0.14;0;0;17.55;0;0;0.23;0.06;0;0.77;0;0;0;0;0;0;0;0.95;0;0;0;0;0;9.33;3.34;35.85;1131.17;7.21;22.76;8536;PGE
0.42;0;0.14;0;0;18.2;0;0;0.23;0.06;0;0.77;0;0;0;0;0;0;0;0.95;0;0;0;0;0;9.74;3.41;36.63;1172;7.21;24.11;122436;PGE
0.42;0;0.14;0;0;18.2;0;0;0.23;0.06;0;0.77;0;0;0;0;0;0;0;0.95;0;0;0;0;0;9.95;3.43;37.76;1175.12;7.21;24.63;16421;PGE
0.42;0;0.14;0;0;18.29;0;0;0.23;0.06;0;0.77;0;0;0;0;0;0;0;0.95;0;0;0;0;0;9.95;3.44;37.83;1176.98;7.21;24.63;4721;PGE
0.42;0;0.14;0;0;18.29;0;0;0.23;0.06;0;0.77;0;0;0;0;0;0;0;0.95;0;0;0;0;0;10.12;3.47;38.12;1189.55;7.21;25.05;27313;PGE
0.42;0;0.14;0;0;18.67;0;0;0.49;0.06;0;0.77;0;0;0;0;0;0;0;0.95;0;0;0;0;0;10.12;3.53;38.51;1190.54;7.21;25.05;4568;PGE
0.42;0;0.14;0;0;18.67;0;0;0.49;0.06;0;0.77;0;0;0;0;0;0;0;0.95;0;0;0;0;0;10.12;3.59;38.82;1192.92;7.21;25.05;10625;PGE
0.42;0;0.14;0;0;18.67;0;0;0.49;0.06;0;0.77;0;0;0;0;0;0;0;0.95;0;0;0;0;0;10.12;3.65;39.13;1258.89;7.21;25.05;10625;PGE
0.42;0;0.14;0;0;21.14;0;0;0.49;0.06;0;0.77;0;0;0;0;0;0;0;0.95;0;0;0;0;0;11.01;3.84;41.57;1303.99;7.21;26.45;186267;PGE
0.42;0;0.14;0;0;21.14;0;0;0.49;0.06;0;0.77;0;0;0;0;0;0;0;0.95;0;0;0;0;0;11.01;3.9;41.57;1306.69;7.21;26.45;8675;PGE
0.42;0;0.14;0;0;21.14;0;0;0.49;0.06;0;0.77;0;0;0;0;0;0;0;0.95;0;0;0;0;0;11.01;3.91;41.57;1309.95;7.21;26.45;8395;PGE
0.42;0;0.14;0;0;21.14;0;0;0.49;0.06;0;0.77;0;0;0;0;0;0;0;0.95;0;0;0;0;0;11.18;3.93;41.84;1309.95;7.21;26.98;16278;PGE
0.42;0;0.14;0;0;21.89;0;0;0.49;0.06;0;0.77;0;0;0;0;0;0;0;0.95;0;0;0;0;0;11.73;4.08;43.59;1383.23;7.21;28.14;215221;PGE
0.42;0;0.14;0;0;22.79;0;0;0.49;0.06;0;0.77;0;0;0;0;0;0;0;0.95;0;0;0;0;0;12.8;4.19;45.54;1456.67;7.21;30.67;313498;PGE
0.42;0;0.14;0;0;22.79;0;0;0.49;0.06;0;0.77;0;0;0;0;0;0;0;0.95;0;0;0;0;0;12.8;4.21;45.64;1458.51;7.21;30.67;6168;PGE
0.42;0;0.14;0;0;22.79;0;0;0.49;0.06;0;0.77;0;0;0;0;0;0;0;0.95;0;0;0;0;0;12.8;4.22;45.68;1459.75;7.21;30.67;4971;PGE
0.42;0;0.14;0;0;22.79;0;0;0.49;0.06;0;0.77;0;0;0;0;0;0;0;0.95;0;0;0;0;0;12.8;4.23;45.72;1460.99;7.21;30.67;5416;PGE
0.42;0;0.14;0;0;25.28;0;0;0.49;0.06;0;0.77;0;0;0;0;0.36;0;0;0.95;0;0;0;0;0;13.48;4.65;49.03;1525.08;7.21;31.44;186267;PGE
0.42;0;0.14;0;0;25.28;0;0;0.49;0.06;0;0.77;0;0;0;0;0.36;0;0;0.95;0;0;0;0;0;13.69;4.67;50.09;1528.02;7.21;31.97;16278;PGE
0.42;0;0.14;0;0;26.46;0;0;0.49;0.06;0;0.77;0;0;0;0;0.36;0;0;0.95;0;0;0;0;0;13.81;4.95;53.87;1622.87;7.21;32.54;160593;PGE
0.8;0;0.14;0;0;26.66;0;0;0.49;0.06;0;0.77;0;0;0;0;0.36;0;0;0.95;0;0;0;0;0;13.81;4.97;53.93;1627.22;7.21;32.54;11250;PGE
0.8;0;0.14;0;0;29.13;0;0;0.49;0.06;0;0.77;0;0;0;0;0.36;0;0;0.95;0;0;0;0;0;14.83;5.17;57.22;1684.24;7.21;33.8;186267;PGE
0.8;0;0.14;0;0;29.13;0;0;0.49;0.06;0;0.77;0;0;0;0;0.36;0;0;0.95;0;0;0;0;0;14.83;5.23;57.22;1686.94;7.21;33.8;8675;PGE
0.8;0;0.14;0;0;29.13;0;0;0.49;0.06;0;0.77;0;0;0;0;0.36;0;0;0.95;0;0;0;0;0;14.83;5.24;57.22;1691.62;7.21;33.8;8655;PGE
0.8;0;0.14;0;0;29.13;0;0;0.49;0.06;0;0.77;0;0;0;0;0.36;0;0;0.95;0;0;0;0;0;15;5.26;57.49;1691.62;7.21;34.33;16278;PGE
0.8;0;0.14;0;0;29.13;0;0;1.05;0.06;0;0.77;0;0;0;0;0.36;0;0;0.95;0;0;0;0;0;15.58;5.42;58.23;1766.71;7.21;35.19;228495;PGE
0.8;0;0.14;0;0;29.13;0;0;5.65;0.06;0;0.77;0;0;0;0;0.36;0;0;0.95;0;0;0;0;0;16.81;6.12;58.91;1899.53;7.21;35.47;290289;PGE
0.8;0;0.14;0;0;29.27;0;0;5.65;0.06;0;0.77;0;0;0;0;0.36;0;0;0.95;0;0;0;0;0;16.81;6.13;58.99;1909.65;11.79;35.47;6221;PGE
0.8;0;0.14;0;0.2;30.21;0;0;5.65;0.06;0;0.77;0;0;0;0;0.36;0;0;0.95;0;0;0;0;0;17.72;6.33;63.87;1995.01;15.63;36.68;186267;PGE
0.8;0;0.14;0;0.2;30.21;0;0;5.65;0.06;0;0.77;0;0;0;0;0.36;0;0;0.95;0;0;0;0;0;17.93;6.35;64.93;1997.95;15.63;37.21;16278;PGE
0.8;0;0.14;0;0.2;30.21;0;0;7.55;0.06;0;0.77;0;0;0;0;0.36;0;0;0.95;0;0;0;0;0;18.2;6.48;65.58;2056.27;15.63;37.21;131864;PGE
0.8;0;0.14;0;0.2;34.48;0;0;7.55;0.06;0;0.77;0;0;0;0;0.36;0;0;0.95;0;0;0;0;0;19.26;7.11;69.84;2160.96;15.63;37.98;202658;PGE
0.8;0;0.14;0;0.2;34.48;0;0;7.55;0.06;0;0.77;0;0;0;0;0.36;0;0;0.95;0;0;0;0;0;19.26;7.13;69.91;2161.81;15.63;37.98;4265;PGE
0.8;0;0.14;0;0.2;34.48;0;0;7.55;0.06;0;0.77;0;0;0;0;0.36;0;0;0.95;0;0;0;0;0;19.26;7.19;69.91;2164.51;15.63;37.98;8675;PGE
0.8;0;0.14;0;0.2;34.48;0;0;7.55;0.06;0;0.77;0;0;0;0;0.36;0;0;0.95;0;0;0;0;0;19.26;7.2;69.91;2168.69;15.63;37.98;8525;PGE
0.8;0;0.14;0;0.2;34.48;0;0;7.55;0.06;0;0.77;0;0;0;0;0.36;0;0;0.95;0;0;0;0;0;19.43;7.22;70.18;2168.69;15.63;38.51;16278;PGE
0.8;0;0.14;0;0.2;34.48;0;0;7.55;0.06;0;0.77;0;0;0;0;0.36;0;0;0.95;0;0;0;0;0;19.46;7.22;70.18;2181.02;15.63;38.87;14129;PGE
0.8;0;0.14;0;0.2;34.48;0;0;7.55;0.06;0;0.77;0;0;0;0;0.36;0;0;0.95;0;0;0;0;0;19.57;7.22;70.55;2198.94;15.63;39.24;23714;PGE
0.8;0;0.14;0;0.2;34.48;0;0;7.55;0.06;0;0.77;0;0;0;0;0.36;0;0;0.95;0;0;0;0;0;19.7;7.22;70.88;2198.94;15.63;39.72;19751;PGE
0.8;0;0.14;0;0.2;35.86;0;0;8.01;0.06;0;0.77;0;0;0;0;0.36;0;0;0.95;0;0;0;0;0;20.55;7.47;73.9;2296.71;15.63;40.46;74022;PGE
0.8;0;0.14;0;0.2;35.86;0;0;8.01;0.06;0;0.77;0;0;0;0;0.36;0;0;0.95;0;0;0;0;0;20.75;7.49;74.2;2307.85;15.63;41.11;39378;PGE
0.8;0;0.14;0;0.2;40.57;0;0;8.01;0.06;0;0.77;0;0;0;0;0.36;0;0;0.95;0;0;0;0;0;22.33;7.84;80.64;2377.77;15.63;42.18;202658;PGE
0.8;0;0.14;0;0.2;40.57;0;0;8.01;0.06;0;0.77;0;0;0;0;0.36;0;0;0.95;0;0;0;0;0;22.54;7.86;81.7;2380.71;15.63;42.71;16278;PGE
0.8;0;0.14;0;0.2;41.33;0;0;8.01;0.06;0;0.77;0;0;0;0;0.36;0;0;0.95;0;0;0;0;0;23.04;7.93;82.18;2387.63;15.63;44.65;64613;PGE
0.8;0;0.14;0;0.2;41.33;0;0;8.01;0.06;0;0.77;0;0;0;0;0.36;0;0;0.95;0;0;0;0;0;23.26;7.93;82.4;2401.35;15.63;45.32;37304;PGE
0.8;0;0.14;0;0.2;43.12;0;0;8.01;0.06;0;0.77;0;0;0;0;0.36;0;0;0.95;0;0;0;0;0;23.52;8.14;83.98;2429.72;15.63;46.31;214091;PGE
0.8;0;0.14;0;0.2;43.12;0;0;8.01;0.06;0;0.77;0;0;0;0;0.36;0;0;0.95;0;0;0;0;0;23.52;8.15;83.98;2434.23;15.63;46.31;8000;PGE
0.8;0;0.14;0;0.2;43.12;0;0;8.01;0.06;0;0.77;0;0;0;0;0.36;0;0;0.95;0;0;0;0;0;23.52;8.23;84.14;2438.74;15.63;46.31;8000;PGE
0.8;0;0.14;0;0.2;43.12;0;0;8.01;0.06;0;0.77;0;0;0;0;0.36;0;0;0.95;0;0;0;0;0;23.52;8.23;84.14;2728.51;15.63;46.31;6000;PGE
0.8;0;0.14;0;0.2;43.12;0;0;8.01;0.06;0;0.77;0;0;0;0;0.36;0;0;0.95;0;0;0;0;0;23.69;8.25;84.46;2728.51;15.63;46.82;16278;PGE
0.8;0;0.14;0;0.2;43.12;0;0;8.01;0.06;0;0.77;0;0;0;0;0.36;0;0;0.95;0;0;0;0;0;23.99;8.25;84.78;2728.51;15.63;47.36;37841;PGE
0.8;0;0.14;0;0.2;43.12;0;0;8.01;0.06;0;0.77;0;0;0;0;0.36;0;0;0.95;0;0;0;0;0;24.05;8.25;84.78;2728.51;15.63;47.7;20741;PGE
0.8;0;0.14;0;0.2;44.03;0;0;8.01;0.06;0;0.77;0;0;0;0;0.36;0;0;0.95;0;0;0;0;0;24.77;8.44;86.36;2762.91;15.63;47.7;116741;PGE
0.8;0;0.19;0;0.2;44.56;0;0;8.01;0.06;0;0.77;0;0.07;0;0;0.36;0;0;0.95;0;0;0;0;0;24.77;8.56;86.91;2790.47;15.63;47.7;202183;PGE
0.8;0;0.19;0;0.2;45.09;0;0;8.01;0.06;0;0.77;0;0.11;0;0;0.36;0;0;0.95;0;0;0;0;0;24.86;8.73;88.25;2804.66;15.63;47.7;111172;PGE
0.8;0;0.19;0;0.2;45.09;0;0;8.01;0.06;0;0.77;0;0.11;0;0;0.36;0;0;0.95;0;0;0;0;0;24.86;8.76;88.33;2808.59;15.63;47.7;24555;PGE
0.8;0;0.19;0;0.2;45.09;0;0;8.01;0.06;0;0.77;0;0.11;0;0;0.36;0;0;0.95;0;0;0;0;0;24.86;8.78;88.4;2810.17;15.63;47.7;9088;PGE
0.8;0;0.19;0;0.2;47.74;0;0;8.01;0.06;0;0.77;0;0.11;0;0;0.36;0;0;0.95;0;0;0;0;0;25.79;9.06;92.67;2897.98;15.63;49.44;214091;PGE
0.8;0;0.19;0;0.2;47.74;0;0;8.01;0.06;0;0.77;0;0.11;0;0;0.36;0;0;0.95;0;0;0;0;0;26;9.08;93.78;2900.92;15.63;49.95;16278;PGE
0.8;0;0.19;0;0.2;47.74;0;0;8.01;0.06;0;0.77;0;0.11;0;0;0.36;0;0;0.95;0;0;0;0;0;26.34;9.1;94.02;2909.17;15.63;49.95;26940;PGE
0.8;0;0.22;0;0.2;48.07;0;0;8.01;0.06;0;0.77;0;0.11;0;0;0.36;0;0;0.95;0;0;0;0;0;26.34;9.14;94.42;2918.06;15.63;49.95;151638;PGE
0.8;0;0.22;0;0.2;48.36;0;0;8.24;0.06;0;0.77;0;0.11;0.07;0;0.36;0;0;0.95;0;0;0;0;0;26.79;9.23;94.42;2980.1;16.39;49.95;183315;PGE
0.8;0;0.22;0;0.2;48.36;0;0;8.24;0.06;0;0.77;0;0.11;0.07;0;0.36;0;0;0.95;0;0;0;0;0;26.79;9.3;94.54;3212.83;41.65;49.95;2500;PGE
0.8;0;0.22;0;0.2;48.36;0;0;8.24;0.06;0;0.77;0;0.11;0.07;0;0.36;0;0;0.95;0;0;0;0;0;26.79;9.36;94.85;3267.73;41.65;49.95;21250;PGE
0.8;0;0.22;0;0.2;48.36;0;0;8.24;0.06;0;0.77;0;0.11;0.07;0;0.36;0;0;0.95;0;0;0;0;0;26.83;9.36;94.85;3268.8;41.65;49.95;2500;PGE
0.8;0;0.22;0;0.2;48.36;0;0;8.24;0.06;0;0.77;0;0.11;0.07;0;0.36;0;0;0.95;0;0;0;0;0;26.83;9.38;94.85;3269.85;41.65;49.95;6250;PGE
0.8;0;0.22;0;0.2;49.48;0;0;8.24;0.06;0;0.77;0;0.11;0.07;0;0.36;0;0;0.95;0;0;0;0;0;27.34;9.51;96.47;3295.6;41.65;51.04;141861;PGE
0.8;0;0.22;0;0.2;49.48;0;0;8.24;0.06;0;0.77;0;0.11;0.07;0;0.36;0;0;0.95;0;0;0;0;0;27.34;9.54;96.53;3560.31;41.65;51.04;5000;PGE
0.8;0;0.22;0;0.2;49.48;0;0;8.24;0.06;0;0.77;0;0.11;0.07;0;0.36;0;0;0.95;0;0;0;0;0;27.34;9.54;96.53;3713.93;41.65;51.04;6000;PGE
0.8;0;0.22;0;0.2;49.48;0;0;8.24;0.06;0;0.77;0;0.11;0.07;0;0.36;0;0;0.95;0;0;0;0;0;27.51;9.56;96.85;3713.93;41.65;51.55;17615;PGE
0.8;0;0.22;0;0.2;49.48;0;0;8.24;0.06;0;0.77;0;0.11;0.07;0;0.36;0;0;0.95;0;0;0;0;0;27.67;9.56;97.15;3713.93;41.65;51.55;16018;PGE
0.8;0;0.22;0;0.2;49.48;0;0;8.24;0.06;0;0.77;0;0.11;0.07;0;0.36;0;0;0.95;0;0;0;0;0;27.67;9.56;97.15;3714.71;41.65;51.55;16705;PGE
0.8;0;0.22;0;0.2;50.16;0;0;8.24;0.06;0;0.77;0;0.11;0.07;0;0.36;0;0;0.95;0;0;0;0;0;28.12;9.64;98.41;3733.69;41.65;52.2;70803;PGE
0.8;0;0.29;0;0.2;50.84;0;0.01;8.66;0.06;0;0.77;0;0.16;0.07;0;0.36;0;0;0.95;2.61;0;0;0;0;28.16;9.78;99.44;3755.28;41.65;52.2;151785;PGE
0.8;0;0.29;0;0.2;50.84;0;0.01;8.66;0.06;0;0.77;0;0.16;0.07;0;0.36;0;0;0.95;2.61;0;0;0;0;28.16;9.8;99.52;3758.8;41.65;52.2;12992;PGE
0.8;0;0.29;0;0.2;50.84;0;0.01;8.66;0.06;0;0.77;0;0.16;0.07;0;0.36;0;0;0.95;2.61;0;0;0;0;28.16;9.82;99.59;3760.4;41.65;52.2;7319;PGE
0.8;0;0.29;0;0.2;53.17;0;0.01;8.66;0.06;0;0.77;0;0.16;0.07;0;0.36;0;0;0.95;2.61;0;0;0;0;28.96;10.15;103.31;3816.5;41.65;53.58;141861;PGE
0.8;0;0.29;0;0.2;53.17;0;0.01;8.66;0.06;0;0.77;0;0.16;0.07;0;0.36;0;0;0.95;2.61;0;0;0;0;29.1;10.21;103.53;3856.59;41.65;54.04;97935;PGE
0.8;0;0.29;0;0.2;53.17;0;0.01;8.66;0.06;0;0.77;0;0.16;0.07;0;0.36;0;0;0.95;2.61;0;0;0;0;29.34;10.23;103.77;3863.1;41.65;54.22;31325;PGE
0.8;0;0.32;0;0.2;53.39;0;0.01;8.66;0.06;0;0.77;0;0.16;0.07;0;0.36;0;0;0.95;2.61;0;0;0;0;29.34;10.25;104.08;3889.55;41.65;54.22;75893;PGE
0.8;0;0.32;0;0.2;53.39;0;0.01;8.66;0.06;0;0.77;0;0.16;0.07;0;0.36;0;0;0.95;2.61;0;0;0;0;29.53;10.27;104.21;3903.6;41.65;54.39;20123;PGE
0.8;0;0.32;0;0.2;53.61;0;0.01;8.66;0.06;0;0.77;0;0.16;0.07;0;0.36;0;0;0.95;2.61;0;0;0;0;29.61;10.29;104.58;3904.64;41.65;54.39;12253;PGE
0.8;0;0.32;0;0.2;53.61;0;0.01;8.66;0.06;0;0.77;0;0.16;0.07;0;0.36;0;0;0.95;2.61;0;0;0;0;29.61;10.33;104.66;4031.6;54.55;54.39;2500;PGE
0.8;0;0.32;0;0.2;55.38;0;0.01;9.95;0.06;0;0.77;0;0.16;0.07;0;0.36;0;0;0.95;2.61;0;0;0;0;30.83;10.45;106.67;4061.11;54.55;55.66;133683;PGE
0.8;0;0.32;0;0.2;55.38;0;0.01;9.95;0.06;0;0.77;0;0.16;0.07;0;0.36;0;0;0.95;2.61;0;0;0;0;31;10.47;106.94;4061.11;54.55;56.19;17615;PGE
0.8;0;0.32;0;0.2;55.38;0;0.01;9.95;0.06;0;0.77;0;0.16;0.07;0;0.36;0;0;0.95;2.61;0;0;0;0;31.65;10.84;107.9;4277.89;54.55;57.87;153821;PGE
0.8;0;0.32;0;0.2;55.38;0;0.01;9.95;0.06;0;0.77;0;0.16;0.07;0;0.36;0;0;0.95;2.61;0;0;0;0;31.65;10.9;107.9;4280.54;54.55;57.87;8675;PGE
0.8;0;0.32;0;0.2;55.38;0;0.01;9.95;0.06;0;0.77;0;0.16;0.07;0;0.36;0;0;0.95;2.61;0;0;0;0;31.65;10.91;107.9;4282.87;54.55;57.87;8265;PGE
0.8;0;0.32;0;0.2;56.93;0;0.01;9.95;0.06;0;0.77;0;0.16;0.07;0;0.36;0;0;0.95;2.61;0;0;0;0;32.41;11.13;109.63;4309.59;54.55;60.43;133683;PGE
0.8;0;0.32;0;0.2;57.43;0;0.01;9.95;0.06;0;0.77;0;0.16;0.07;0;0.36;0;0;0.95;2.61;0;0;0;0;32.62;11.17;110.4;4338.36;54.55;61.02;51666;PGE
0.8;0;0.32;0;0.2;59.94;0;0.01;9.95;0.06;0;0.77;0;0.16;0.07;0;0.36;0;0;0.95;2.61;0;0;0;0;33.43;11.35;113.11;4370.6;54.55;61.72;118008;PGE
0.8;0;0.32;0;0.2;59.94;0;0.01;9.95;0.06;0;0.77;0;0.16;0.07;0;0.36;0;0;0.95;2.61;0;0;0;0;33.6;11.37;113.38;4370.6;54.55;62.25;15610;PGE
0.8;0;0.32;0;0.2;59.94;0;0.01;9.95;0.06;0;0.77;0;0.16;0.07;0;0.36;0;0;0.95;2.61;0;0;0;0;33.78;11.37;113.63;4370.6;54.55;62.61;12214;PGE
0.8;0;0.32;0;0.2;59.94;0;0.01;9.95;0.06;0;0.77;0;0.16;0.07;0;0.36;0;0;0.95;2.61;0;0;0;0;33.81;11.37;113.63;4370.6;54.55;63;12575;PGE
0.8;0;0.32;0;0.2;59.94;0;0.01;9.95;0.06;0;0.77;0;0.16;0.07;0;0.36;0;0;0.95;2.61;0;0;0;0;33.81;11.38;113.66;4372.17;54.55;63;7242;PGE
0.8;0;0.32;0;0.2;59.94;0;0.01;9.95;0.06;0;0.77;0;0.16;0.07;0;0.36;0;0;0.95;2.61;0;0;0;0;33.81;11.39;113.69;4373.75;54.55;63;7416;PGE
0.8;0;0.32;0;0.2;59.94;0;0.01;9.95;0.06;0;0.77;0;0.16;0.07;0;0.36;0;0;0.95;2.61;0;0;0;0;33.81;11.45;113.69;4376.45;54.55;63;8675;PGE
0.8;0;0.32;0;0.2;59.94;0;0.01;9.95;0.06;0;0.77;0;0.16;0.07;0;0.36;0;0;0.95;2.61;0;0;0;0;33.81;11.46;113.69;4378.78;54.55;63;8265;PGE
0.8;0;0.32;0;0.2;60.65;0;0.01;9.95;0.06;0;0.77;0;0.16;0.07;0;0.36;0;0;0.95;2.61;0;0;0;0;35.13;11.56;117.07;4404.18;54.55;66.05;118008;PGE
0.8;0;0.32;0;0.2;62.13;0;0.01;9.95;0.06;0;0.77;0;0.16;0.07;0;0.36;0;0;0.95;2.61;0;0;0;0;35.21;11.7;117.64;4420.05;54.55;66.05;35594;PGE
0.8;0;0.32;0;0.2;62.33;0;0.01;9.95;0.06;0;0.77;0;0.16;0.07;0;0.36;0;0;0.95;2.61;0;0;0;0;35.29;11.73;117.94;4434.58;54.79;66.05;9490;PGE
0.8;0;0.32;0;0.2;62.33;0;0.01;9.95;0.06;0;0.77;0;0.16;0.07;0;0.36;0;0;0.95;2.61;0;0;0;0;35.29;11.77;118.04;4435.51;54.79;66.05;7058;PGE
0.8;0;0.32;0;0.2;63.42;0;0.01;9.95;0.06;0;0.77;0;0.16;0.07;0;0.36;0;0;0.95;2.61;0;0;0;0;35.59;11.93;119.24;4461.48;54.79;67.03;130444;PGE
0.8;0;0.32;0;0.2;63.42;0;0.01;9.95;0.06;0;0.77;0;0.16;0.07;0;0.36;0;0;0.95;2.61;0;0;0;0;35.59;11.96;119.3;4730.61;54.79;67.03;5000;PGE
0.8;0;0.32;0;0.2;63.42;0;0.01;9.95;0.06;0;0.77;0;0.16;0.07;0;0.36;0;0;0.95;2.61;0;0;0;0;35.59;11.96;119.3;4920.68;54.79;67.03;6000;PGE
0.8;0;0.32;0;0.2;63.42;0;0.01;9.95;0.06;0;0.77;0;0.16;0.07;0;0.36;0;0;0.95;2.61;0;0;0;0;35.76;11.98;119.62;4920.68;54.79;67.54;16421;PGE
0.8;0;0.32;0;0.2;63.42;0;0.01;9.95;0.06;0;0.77;0;0.16;0.07;0;0.36;0;0;0.95;2.61;0;0;0;0;35.98;11.98;119.94;4920.68;54.79;67.82;21255;PGE
0.8;0;0.32;0;0.2;63.42;0;0.01;9.95;0.06;0;0.77;0;0.16;0.07;0;0.36;0;0;0.95;2.61;0;0;0;0;36.04;11.98;119.94;4920.68;54.79;68.1;21515;PGE
0.8;0;0.32;0;0.2;64.1;0;0.01;9.95;0.06;0;0.77;0;0.16;0.07;0;0.36;0;0;0.95;2.61;0;0;0;0;36.35;12.11;120.98;4945.31;54.79;68.93;78244;PGE
0.8;0;0.39;0;0.2;64.78;0;0.01;9.95;0.06;0;0.77;0;0.16;0.07;0;0.36;0;0;0.95;2.61;0;0;0;0;36.4;12.2;121.8;4969.64;54.79;69.1;122921;PGE
0.8;0;0.39;0;0.2;65.1;0;0.01;10.08;0.06;0;0.77;0;0.2;0.07;0;0.36;0;0;0.95;2.61;0;0;0;0;36.41;12.26;122.05;4970.89;54.79;69.15;31249;PGE
0.8;0;0.39;0;0.2;65.1;0;0.01;10.08;0.06;0;0.77;0;0.2;0.07;0;0.36;0;0;0.95;2.61;0;0;0;0;36.41;12.28;122.13;4974.51;55.69;69.15;13748;PGE
0.8;0;0.39;0;0.2;65.1;0;0.01;10.08;0.06;0;0.77;0;0.2;0.07;0;0.36;0;0;0.95;2.61;0;0;0;0;36.41;12.3;122.2;4976.02;55.69;69.15;6968;PGE
0.8;0;0.39;0;0.2;67.43;0;0.01;10.08;0.06;0;0.77;0;0.2;0.07;0;0.36;0;0;0.95;2.61;0;0;0;0;37.02;12.74;126.26;5018.93;55.69;69.15;130444;PGE
0.8;0;0.39;0;0.2;67.43;0;0.01;10.08;0.06;0;0.77;0;0.2;0.07;0;0.36;0;0;0.95;2.61;0;0;0;0;37.28;12.76;127.37;5021.87;55.69;69.49;16421;PGE
0.8;0;0.39;0;0.2;67.43;0;0.01;10.08;0.06;0;0.77;0;0.2;0.07;0;0.36;0;0;0.95;2.61;0;0;0;0;37.62;12.76;127.75;5029.75;55.69;69.49;34957;PGE
0.8;0;0.41;0;0.2;67.65;0;0.01;10.08;0.06;0;0.77;0;0.2;0.07;0;0.36;0;0;0.95;2.61;0;0;0;0;37.62;12.79;128.02;5037.81;55.69;69.49;61640;PGE
0.8;0;0.41;0;0.2;67.65;0;0.01;10.08;0.06;0;0.77;0;0.2;0.07;0;0.36;0;0;0.95;2.61;0;0;0;0;37.81;12.81;128.15;5046.01;55.69;69.66;19465;PGE
0.8;0;0.41;0;0.2;67.87;0;0.01;10.08;0.06;0;0.77;0;0.2;0.07;0;0.36;0;0;0.95;2.61;0;0;0;0;37.89;12.83;128.52;5047.05;55.69;69.66;6179;PGE
0.8;0;0.41;0;0.2;67.96;0;0.01;10.08;0.06;0;0.77;0;0.2;0.07;0;0.36;0;0;0.95;2.61;0;0;0;0;38.07;12.84;128.52;5104.13;58.01;69.66;97203;PGE
0.8;0;0.41;0;0.2;67.96;0;0.01;10.08;0.06;0;0.77;0;0.2;0.07;0;0.36;0;0;0.95;2.61;0;0;0;0;38.07;12.88;128.6;5239.1;71.5;69.66;2500;PGE
0.8;0;0.41;0;0.2;67.96;0;0.01;10.08;0.06;0;0.77;0;0.2;0.07;0;0.36;0;0;0.95;2.61;0;0;0;0;38.07;12.94;128.91;5294;71.5;69.66;21250;PGE
0.8;0;0.41;0;0.2;67.96;0;0.01;10.08;0.06;0;0.77;0;0.2;0.07;0;0.36;0;0;0.95;2.61;0;0;0;0;38.11;12.94;128.91;5295.07;71.5;69.66;2500;PGE
0.8;0;0.41;0;0.2;68.03;0;0.01;10.08;0.06;0;0.77;0;0.2;0.07;0;0.36;0;0;0.95;3.66;0;0;0;0;38.11;12.95;128.91;5313.47;71.5;69.66;3125;PGE
0.8;0;0.41;0;0.2;71.36;0;0.01;10.08;0.06;0;0.77;0;0.2;0.07;0;0.36;0;0;0.95;3.66;0;0;0;0;39.16;13.21;132.92;5348.5;71.5;70.89;115006;PGE
0.8;0;0.41;0;0.2;71.36;0;0.01;10.08;0.06;0;0.77;0;0.2;0.07;0;0.36;0;0;0.95;3.66;0;0;0;0;39.16;13.22;132.98;5350.71;71.5;70.89;8481;PGE
0.8;0;0.41;0;0.2;71.36;0;0.01;10.08;0.06;0;0.77;0;0.2;0.07;0;0.36;0;0;0.95;3.66;0;0;0;0;39.16;13.23;133.04;5353.27;71.5;70.89;9715;PGE
0.8;0;0.41;0;0.2;71.36;0;0.01;10.08;0.06;0;0.77;0;0.2;0.07;0;0.36;0;0;0.95;3.66;0;0;0;0;39.16;13.24;133.1;5355.77;71.5;70.89;9269;PGE
0.8;0;0.41;0;0.2;71.36;0;0.01;10.08;0.06;0;0.77;0;0.2;0.07;0;0.36;0;0;0.95;3.66;0;0;0;0;39.16;13.3;133.1;5359.52;71.5;70.89;8536;PGE
0.8;0;0.41;0;0.2;71.36;0;0.01;10.08;0.06;0;0.77;0;0.2;0.07;0;0.36;0;0;0.95;3.66;0;0;0;0;39.16;13.31;133.1;5361.85;71.5;70.89;8282;PGE
0.8;0;0.41;0;0.2;71.36;0;0.01;10.08;0.06;0;0.77;0;0.2;0.07;0;0.36;0;0;0.95;3.66;0;0;0;0;39.17;13.31;133.1;5362.68;71.5;70.92;17948;PGE
0.8;0;0.41;0;0.2;71.36;0;0.01;10.81;0.06;0;0.77;0;0.2;0.07;0;0.36;0;0;0.95;3.66;0;0;0;0;39.33;13.37;133.68;5362.68;71.5;70.92;16421;PGE
0.8;0;0.41;0;0.2;71.36;0;0.01;10.81;0.06;0;0.77;0;0.2;0.07;0;0.36;0;0;0.95;3.66;0;0;0;0;39.34;13.37;133.68;5367.83;71.5;71;14088;PGE
0.8;0;0.41;0;0.2;71.36;0;0.01;10.81;0.06;0;0.77;0;0.2;0.07;0;0.36;0;0;0.95;3.66;0;0;0;0;39.35;13.37;133.68;5372.79;71.5;71.08;12645;PGE
0.8;0;0.41;0;0.2;73.74;0;0.01;10.81;0.06;0;0.77;0;0.2;0.07;0;0.36;0;1.77;0.95;3.66;0;0;0;0;40.24;13.53;136.07;5401.1;71.5;72.27;115006;PGE
0.8;0;0.41;0;0.2;73.74;0;0.01;11.54;0.06;0;0.77;0;0.2;0.07;0;0.36;0;1.77;0.95;3.66;0;0;0;0;40.44;13.59;137.44;5404.04;71.5;72.27;16421;PGE
0.8;0;0.43;0;0.2;74.36;0;0.01;12.07;0.06;0;0.94;0;0.2;0.07;0;0.36;0;1.77;0.95;3.66;0;0;0;0;40.69;13.64;137.9;5428.53;71.5;72.27;43052;PGE
0.8;0;0.43;0;0.2;74.36;0;0.01;12.07;0.06;0;0.94;0;0.2;0.07;0;0.36;0;1.77;0.95;3.66;0;0;0;0;40.69;13.7;138.21;5483.43;71.5;72.27;21250;PGE
0.8;0;0.43;0;0.2;74.36;0;0.01;12.07;0.06;0;0.94;0;0.2;0.07;0;0.36;0;1.77;0.95;3.66;0;0;0;0;40.7;13.7;138.21;5485.78;78.58;72.32;12000;PGE
0.8;0;0.43;0;0.2;74.36;0;0.01;12.07;0.06;0;0.94;0;0.2;0.07;0;0.36;0;1.77;0.95;3.66;0;0;0;0;40.7;13.7;138.21;5519.57;78.58;72.32;3750;PGE
0.8;0;0.43;0;0.2;74.36;0;0.01;12.07;0.06;0;0.94;0;0.2;0.07;0;0.36;0;1.77;0.95;3.66;0;0;0;0;40.7;13.71;138.21;5547.51;105.01;72.32;7500;PGE
0.8;0;0.43;0;0.2;74.36;0;0.01;12.07;0.06;0;0.94;0;0.2;0.07;0;0.36;0;1.77;0.95;3.66;0;0;0;0;40.7;13.71;138.21;5562.931;117.653;72.32;7500;PGE
0.8;0;0.43;0;0.2;74.36;0;0.02;12.07;0.06;0;0.94;0;0.22;0.07;0;0.36;0;1.77;0.95;3.66;0;0;0;0;40.7;13.72;138.21;5563.641;117.653;72.32;11500;PGE
0.8;0;0.43;0;0.2;74.36;0;0.02;12.07;0.06;0;0.94;0;0.22;0.07;0;0.36;0;1.77;0.95;3.66;0;0;0;0;40.7;13.73;138.21;5567.821;117.653;72.32;8553;PGE
0.8;0;0.43;0;0.2;74.59;0;0.02;12.07;0.06;0;0.94;0;0.22;0.07;0;0.36;0;1.77;0.95;3.66;0;0;0;0;40.7;13.75;138.36;5582.621;117.653;72.32;15113;PGE
0.8;0;0.43;0;0.2;75;0;0.02;12.07;0.06;0;0.94;0;0.22;0.07;0;0.36;0;1.77;0.95;3.66;0;0;0;0;41.19;13.93;141.68;5621.631;117.933;73.08;115006;PGE
0.8;0;0.43;0;0.2;75;0;0.02;12.07;0.06;0;0.94;0;0.22;0.07;0;0.36;0;1.77;0.95;3.66;0;0;0;0;41.19;13.99;141.99;5676.531;117.933;73.08;21250;PGE
0.8;0;0.43;0;0.2;75;0;0.02;12.07;0.06;0;0.94;0;0.22;0.07;0;0.36;0;1.77;0.95;3.66;0;0;0;0;41.19;14.004;141.99;5697.109;117.933;73.08;7500;PGE
0.8;0;0.43;0;0.2;75;0;0.02;12.07;0.06;0;0.94;0;0.22;0.07;0;0.36;0;1.77;0.95;3.66;0;0;0;0;41.2;14.004;141.99;5699.459;125.013;73.13;6250;PGE
0.8;0;0.43;0;0.2;75;0;0.02;12.07;0.06;0;0.94;0;0.22;0.07;0;0.36;0;1.77;0.95;3.66;0;0;0;0;41.2;14.004;141.99;5732.009;125.013;73.13;3750;PGE
0.8;0;0.43;0;0.2;77.26;0;0.02;12.07;0.06;0;0.94;0;0.22;0.07;0;0.36;0;1.77;0.95;3.66;0;0;0;0;42.13;14.454;145.25;5820.419;125.013;73.9;166562;PGE
0.8;0;0.43;0;0.2;77.26;0;0.02;12.07;0.06;0;0.94;0;0.22;0.07;0;0.36;0;1.77;0.95;3.66;0;0;0;0;42.13;14.464;145.25;5826.029;125.013;73.9;8825;PGE
0.8;0;0.43;0;0.2;77.26;0;0.02;12.07;0.06;0;0.94;0;0.22;0.07;0;0.36;0;1.77;0.95;3.66;0;0;0;0;42.3;14.484;145.52;5826.029;125.013;74.43;16421;PGE
0.8;0;0.43;0;0.2;77.26;0;0.02;12.07;0.06;0;0.94;0;0.22;0.07;0;0.36;0;1.77;0.95;3.66;0;0;0;0;42.62;14.484;145.84;5897.439;125.013;75.12;31659;PGE
0.8;0;0.43;0;0.2;77.26;0;0.02;12.07;0.06;0;0.94;0;0.22;0.07;0;0.36;0;1.77;0.95;3.66;0;0;0;0;42.92;14.484;146.16;5918.819;125.013;75.81;39408;PGE
0.8;0;0.43;0;0.2;77.26;0;0.02;12.07;0.06;0;0.94;0;0.22;0.07;0;0.36;0;1.77;0.95;3.66;0;0;0;0;43.21;14.484;146.48;5933.009;125.013;76.49;34484;PGE
0.8;0;0.43;0;0.2;77.26;0;0.02;12.07;0.06;0;0.94;0;0.22;0.07;0;0.36;0;1.77;0.95;3.66;0;0;0;0;43.21;14.544;146.48;5935.709;125.013;76.49;8536;PGE
0.8;0;0.43;0;0.2;79.07;0;0.02;14.31;0.06;0;0.94;0;0.22;0.07;0;0.36;0;1.77;0.95;3.66;0;0;0;0;44.19;14.894;149.33;6011.229;125.013;77.77;148061;PGE
0.8;0;0.43;0;0.2;79.07;0;0.02;14.31;0.06;0;0.94;0;0.22;0.07;0;0.36;0;1.77;0.95;3.66;0;0;0;0;44.4;14.914;150.39;6014.169;125.013;78.3;16421;PGE
0.8;0;0.43;0;0.2;79.07;0;0.02;14.31;0.06;0;0.94;0;0.22;0.07;0;0.36;0;1.77;0.95;3.66;0;0;0;0;44.68;14.914;150.69;6026.079;125.013;78.86;22170;PGE
0.8;0;0.43;0;0.2;79.07;0;0.02;14.31;0.06;0;0.94;0;0.22;0.07;0;0.36;0;1.77;0.95;3.66;0;0;0;0;44.68;14.914;150.69;6077.229;125.013;78.86;6000;PGE
0.8;0;0.43;0;0.2;79.07;0;0.02;14.31;0.06;0;0.94;0;0.22;0.07;0;0.36;0;1.77;0.95;3.66;0;0;0;0;44.96;14.914;151.17;6088.879;125.013;79.54;26505;PGE
0.8;0;0.43;0;0.2;79.07;0;0.02;14.31;0.06;0;0.94;0;0.22;0.07;0;0.36;0;1.77;0.95;3.66;0;0;0;0;44.96;14.974;151.48;6160.739;125.013;79.54;21250;PGE
0.8;0;0.43;0;0.2;79.07;0;0.02;14.31;0.06;0;0.94;0;0.22;0.07;0;0.36;0;1.77;0.95;3.72;0;0;0;0;44.96;14.974;151.48;6161.779;125.013;79.54;12500;PGE
0.8;0;0.43;0;0.2;80.19;0;0.02;14.31;0.06;0;0.94;0;0.22;0.07;0;0.36;0;1.77;0.95;3.72;0;0;0;0;45.62;15.104;153.53;6183.859;125.013;80.35;117927;PGE
0.8;0;0.43;0;0.2;80.19;0;0.02;14.31;0.06;0;0.94;0;0.22;0.07;0;0.36;0;1.77;0.95;3.72;0;0;0;0;45.79;15.124;153.85;6183.859;125.013;80.86;17615;PGE
0.8;0;0.43;0;0.2;80.19;0;0.02;14.31;0.06;0;0.94;0;0.22;0.07;0;0.36;0;1.77;0.95;3.72;0;0;0;0;45.98;15.124;154.15;6183.859;125.013;81.17;15759;PGE
0.8;0;0.43;0;0.2;80.19;0;0.02;14.31;0.06;0;0.94;0;0.22;0.07;0;0.36;0;1.77;0.95;3.72;0;0;0;0;46.01;15.124;154.15;6183.859;125.013;81.48;12978;PGE
0.8;0;0.43;0;0.2;80.86;0;0.02;14.44;0.06;0;0.94;0;0.22;0.07;0;0.36;0;1.77;0.95;3.72;0;0;0;0;46.01;15.184;154.78;6203.509;125.013;82.01;62726;PGE
0.8;0;0.46;0;0.2;81.32;0;0.02;14.44;0.06;0;0.94;0;0.46;0.07;0;0.36;0;1.77;0.95;3.72;0;0;0.05;0;46.07;15.304;155.28;6231.459;125.013;82.26;82628;PGE
0.8;0;0.46;0;0.2;81.32;0;0.02;14.44;0.06;0;0.94;0;0.46;0.07;0;0.36;0;1.77;0.95;3.72;0;0;0.05;0;46.07;15.324;155.35;6235.019;125.913;82.26;13534;PGE
0.8;0;0.46;0;0.2;81.32;0;0.02;14.44;0.06;0;0.94;0;0.46;0.07;0;0.36;0;1.77;0.95;3.72;0;0;0.05;0;46.07;15.344;155.42;6236.559;125.913;82.26;7017;PGE
0.8;0;0.46;0;0.2;83.75;0;0.02;14.44;0.06;0;0.94;0;0.46;0.07;0;0.36;0;1.77;0.95;3.72;0;0;0.05;0;46.84;15.614;158.47;6277.129;125.913;83.91;117927;PGE
0.8;0;0.46;0;0.2;83.84;0;0.02;14.44;0.06;0;0.94;0;0.46;0.07;0;0.36;0;1.77;0.95;3.72;0;0;0.05;0;46.91;15.624;158.47;6322.609;127.263;84.19;87128;PGE
0.8;0;0.46;0;0.2;83.84;0;0.02;14.44;0.06;0;0.94;0;0.46;0.07;0;0.36;0;1.77;0.95;3.72;0;0;0.05;0;47.05;15.684;158.94;6322.609;127.263;84.53;30451;PGE
0.8;0;0.46;0;0.2;84.15;0;0.02;14.44;0.06;0;0.94;0;0.46;0.07;0;0.36;0;1.77;0.95;3.72;0;0;0.05;0;47.05;15.734;159.19;6345.779;127.263;84.53;52835;PGE
0.8;0;0.46;0;0.2;84.15;0;0.02;14.44;0.06;0;0.94;0;0.46;0.07;0;0.36;0;1.77;0.95;3.72;0;0;0.05;0;47.19;15.754;159.32;6353.979;127.263;84.87;19874;PGE
0.8;0;0.46;0;0.2;84.37;0;0.02;14.44;0.06;0;0.94;0;0.46;0.07;0;0.36;0;1.77;0.95;3.72;0;0;0.05;0;47.27;15.774;159.69;6355.019;127.263;84.87;6126;PGE
0.8;0;0.46;0;0.2;85.78;0;0.12;14.44;0.06;0;0.94;0;0.46;0.07;0;0.36;0;1.77;0.95;3.72;0;0;0.05;0;47.82;15.894;161.37;6380.779;127.263;85.62;106050;PGE
0.8;0;0.46;0;0.2;85.78;0;0.12;14.44;0.06;0;0.94;0;0.46;0.07;0;0.36;0;1.77;0.95;3.72;0;0;0.05;0;47.82;15.954;161.37;6383.479;127.263;85.62;8675;PGE
0.8;0;0.46;0;0.2;85.78;0;0.12;14.44;0.06;0;0.94;0;0.46;0.07;0;0.36;0;1.77;0.95;3.72;0;0;0.05;0;47.99;15.974;161.64;6383.479;127.263;86.15;17615;PGE
0.8;0;0.46;0;0.2;85.78;0;0.12;14.96;0.06;0;0.94;0;0.46;0.07;0;0.36;0;1.77;0.95;3.72;0;0;0.05;0;48.37;16.034;162.1;6433.249;127.263;86.96;114094;PGE
0.8;0;0.46;0;0.2;86.11;0;0.12;14.96;0.06;0;0.94;0;0.46;0.07;0;0.36;0;1.77;0.95;3.72;0;0;0.05;0;48.45;16.044;162.47;6449.589;127.263;86.96;6611;PGE
0.8;0;0.46;0;0.2;86.11;0;0.12;14.96;0.06;0;0.94;0;0.46;0.07;0;0.36;0;1.77;0.95;3.72;0;0;0.05;0;48.45;16.054;162.55;6469.649;127.263;86.96;6206;PGE
0.8;0;0.46;0;0.2;87.08;0;0.15;15.23;0.06;0;0.94;0;0.46;0.07;0;0.36;0;1.77;0.95;3.72;0;0;0.05;0;49.04;16.254;163.92;6493.219;127.263;88.43;106050;PGE
0.8;0;0.46;0;0.2;87.64;0;0.18;15.76;0.06;0;0.94;0;0.46;0.07;0;0.36;0;1.77;0.95;3.72;0;0;0.05;0;49.31;16.294;164.8;6521.829;127.263;88.43;33536;PGE
0.8;0;0.46;0;0.2;89.16;0;0.3;15.76;0.06;0;0.94;0;0.46;0.07;0;0.36;0;1.77;0.95;3.72;0;0;0.05;0;49.93;16.404;166.68;6548.189;127.263;89.18;104133;PGE
0.8;0;0.46;0;0.2;89.16;0;0.3;15.76;0.06;0;0.94;0;0.46;0.07;0;0.36;0;1.77;0.95;3.72;0;0;0.05;0;50.1;16.424;166.95;6548.189;127.263;89.71;15610;PGE
0.8;0;0.46;0;0.2;89.16;0;0.3;15.76;0.06;0;0.94;0;0.46;0.07;0;0.36;0;1.77;0.95;3.72;0;0;0.05;0;50.34;16.424;167.27;6548.189;127.263;90.07;16175;PGE
0.8;0;0.46;0;0.2;89.16;0;0.3;15.76;0.06;0;0.94;0;0.46;0.07;0;0.36;0;1.77;0.95;3.72;0;0;0.05;0;50.34;16.434;167.3;6549.189;127.263;90.07;11588;PGE
0.8;0;0.46;0;0.2;89.16;0;0.3;15.76;0.06;0;0.94;0;0.46;0.07;0;0.36;0;1.77;0.95;3.72;0;0;0.05;0;50.34;16.444;167.33;6550.769;127.263;90.07;12263;PGE
0.8;0;0.46;0;0.2;89.16;0;0.3;15.76;0.06;0;0.94;0;0.46;0.07;0;0.36;0;1.77;0.95;3.72;0;0;0.05;0;50.34;16.504;167.33;6553.469;127.263;90.07;8675;PGE
0.8;0;0.46;0;0.2;89.16;0;0.3;15.76;0.06;0;0.94;0;0.46;0.07;0;0.36;0;1.77;0.95;3.72;0;0;0.05;0;50.34;16.514;167.33;6555.799;127.263;90.07;8265;PGE
0.8;0;0.46;0;0.2;89.71;0;0.3;16.03;0.06;0.14;0.94;0;0.46;0.07;0;0.36;0;1.77;0.95;3.72;0;0;0.05;0;51.29;16.604;169.93;6584.179;127.263;92.4;104133;PGE
0.8;0;0.46;0;0.2;89.71;0;0.3;16.03;0.06;0.14;0.94;0;0.46;0.07;0;0.36;0;1.77;0.95;3.92;0;0;0.05;0;51.29;16.724;170.17;6590.759;128.523;92.4;28144;PGE
0.8;0;0.46;0;0.2;89.71;0;0.3;16.03;0.06;0.14;0.94;0;0.46;0.07;0;0.36;0;1.77;0.95;3.92;0;0;0.05;0;51.37;16.724;170.24;6597.809;128.523;92.7;11511;PGE
0.8;0;0.46;0;0.2;93.09;0;0.3;16.03;0.06;0.14;0.94;0;0.46;0.07;0;0.36;0.14;1.77;0.95;3.92;0;0;0.05;0;53.04;16.984;173.98;6634.709;128.803;94.81;151225;PGE
0.8;0;0.46;0;0.2;93.19;0;0.3;16.03;0.06;0.14;0.94;0;0.46;0.07;0;0.36;0.14;1.77;0.95;3.92;0;0;0.05;0;53.04;16.994;174.16;6642.129;128.803;94.81;4522;PGE
0.8;0;0.46;0;0.2;93.29;0;0.3;16.03;0.06;0.14;0.94;0;0.46;0.07;0;0.36;0.14;1.77;0.95;3.92;0;0;0.05;0;53.04;17.004;174.25;6645.199;128.803;94.81;4109;PGE
0.8;0;0.46;0;0.2;93.29;0;0.3;16.03;0.06;0.14;0.94;0;0.46;0.07;0;0.36;0.14;1.77;0.95;3.92;0;0;0.05;0;53.04;17.064;174.25;6647.899;128.803;94.81;4268;PGE
0.8;0;0.46;0;0.2;93.29;0;0.3;16.03;0.06;0.14;0.94;0;0.46;0.07;0;0.36;0.14;1.77;0.95;3.92;0;0;0.05;0;53.04;17.074;174.25;6652.579;128.803;94.81;8689;PGE
0.8;0;0.46;0;0.2;93.29;0;0.3;16.03;0.06;0.14;0.94;0;0.46;0.07;0;0.36;0.14;1.77;0.95;3.92;0;0;0.05;0;53.21;17.094;174.52;6652.579;128.803;95.34;16421;PGE
0.8;0;0.46;0;0.2;94.51;0;0.3;16.03;0.06;0.14;0.94;0;0.46;0.07;0;0.36;0.14;1.77;0.95;3.92;0;0;0.05;0;53.38;17.204;177.28;6802.799;128.803;95.34;45126;PGE
0.8;0;0.46;0;0.2;94.51;0;0.3;16.03;0.06;0.14;0.94;0;0.46;0.07;0;0.36;0.14;1.77;0.95;3.92;0;0;0.05;0;53.54;17.204;177.36;6802.799;128.803;95.93;24469;PGE
0.8;0;0.46;0;0.2;94.51;0;0.3;16.16;0.06;0.14;0.94;0;0.46;0.07;0;0.36;0.14;1.77;0.95;3.92;0;0;0.05;0;53.62;17.204;177.44;6808.599;128.803;95.93;17917;PGE
0.8;0;0.46;0;0.2;94.51;0;0.3;16.16;0.06;0.14;0.94;0;0.46;0.07;0;0.36;0.14;1.77;0.95;3.92;0;0;0.05;0;53.74;17.264;177.91;6831.759;128.803;95.93;22597;PGE
0.8;0;0.46;0;0.2;95.13;0;0.3;16.16;0.06;0.14;0.94;0;0.46;0.07;0;0.36;0.14;1.77;0.95;3.92;0;0;0.05;0;54.16;17.264;178.41;6947.969;128.803;97.15;103518;PGE
0.8;0;0.46;0;0.2;95.13;0;0.3;16.16;0.06;0.14;0.94;0;0.46;0.07;0;0.36;0.14;2.07;5.13;3.92;0;0;0.05;0;54.25;17.324;178.92;6957.869;128.803;97.15;104789;PGE
0.8;0;0.46;0;0.2;96.74;0;0.3;16.16;0.08;0.14;0.94;0;0.46;0.07;0;0.36;0.14;2.07;5.13;3.92;0;0;0.05;0;55.12;17.484;180.8;7011.449;129.823;98.88;151225;PGE
0.8;0;0.46;0;0.2;96.74;0;0.3;16.16;0.08;0.14;0.94;0;0.46;0.07;0;0.36;0.14;2.07;5.13;3.92;0;0;0.05;0;55.33;17.504;181.86;7014.389;129.823;99.41;16421;PGE
0.8;0;0.46;0;0.2;96.74;0;0.3;16.16;0.08;0.14;0.94;0;0.46;0.07;0;0.36;0.14;2.07;5.13;3.92;0;0;0.05;0;55.66;17.604;182.38;7021.479;129.823;99.92;40419;PGE
0.8;0;0.46;0;0.2;97.31;0;0.3;16.16;0.08;0.14;0.94;0;0.46;0.07;0;0.36;0.14;2.07;5.13;3.92;0;0;0.05;0;55.79;17.724;183.53;7040.369;129.823;99.92;178140;PGE
0.8;0;0.46;0;0.2;97.31;0;0.3;16.16;0.08;0.14;0.94;0;0.46;0.07;0;0.36;0.14;2.07;5.13;3.92;0;0;0.05;0;55.79;17.784;183.84;7112.229;129.823;99.92;21250;PGE
1.05;0;0.46;0;0.2;97.51;0;0.3;16.16;0.08;0.14;0.94;0;0.46;0.07;0;0.36;0.14;2.07;5.13;3.92;0;0;0.05;0;55.79;17.804;183.9;7119.219;129.823;99.92;11000;PGE
1.05;0;0.46;0;0.2;97.71;0;0.3;16.16;0.08;0.14;0.94;0;0.46;0.07;0;0.36;0.14;2.07;5.13;3.92;0;0;0.05;0;55.79;17.824;183.96;7119.419;129.823;99.92;17500;PGE
1.05;0;0.46;0;0.2;97.71;0;0.3;16.16;0.08;0.14;0.94;0;0.46;0.07;0;0.36;0.14;2.07;5.13;3.92;0;0;0.05;0;55.79;17.824;183.96;7207.779;211.203;99.92;5750;PGE
1.05;0;0.47;0;0.2;97.71;0;0.3;16.16;0.08;0.14;0.94;0.02;0.46;0.07;0;0.36;0.14;2.07;5.13;3.92;0;0;0.05;0;55.79;17.824;183.96;7213.439;211.203;99.92;6000;PGE
1.05;0;0.47;0;0.2;97.71;0;0.3;16.16;0.08;0.14;0.94;0.02;0.46;0.07;0;0.36;0.14;2.07;5.13;3.92;0;0;0.05;0;55.79;17.824;183.96;7214.409;211.363;99.92;750;PGE
1.05;0;0.47;0;0.2;100.49;0;0.3;16.16;0.08;0.14;0.94;0.02;0.46;0.07;0;0.36;0.28;2.07;5.13;3.92;0;0;0.05;0;57.03;18.064;186.7;7246.139;211.363;102.24;142416;PGE
1.05;0;0.47;0;0.2;100.59;0;0.3;16.16;0.08;0.14;0.94;0.02;0.46;0.07;0;0.36;0.28;2.07;5.13;3.92;0;0;0.05;0;57.03;18.074;186.79;7249.059;211.363;102.24;8138;PGE
1.05;0;0.47;0;0.2;100.69;0;0.3;16.16;0.08;0.14;0.94;0.02;0.46;0.07;0;0.36;0.28;2.07;5.13;3.92;0;0;0.05;0;57.03;18.084;186.9;7252.999;211.363;102.24;8361;PGE
1.05;0;0.47;0;0.2;100.69;0;0.3;16.16;0.08;0.14;0.94;0.02;0.46;0.07;0;0.36;0.28;2.07;5.13;3.92;0;0;0.05;0;57.03;18.144;186.9;7255.699;211.363;102.24;8536;PGE
1.05;0;0.47;0;0.2;100.69;0;0.3;16.16;0.08;0.14;0.94;0.02;0.46;0.07;0;0.36;0.28;2.07;5.13;3.92;0;0;0.05;0;57.03;18.154;186.9;7258.029;211.363;102.24;8282;PGE
1.05;0;0.47;0;0.2;100.69;0;0.3;16.16;0.08;0.14;0.94;0.02;0.46;0.07;0;0.36;0.28;2.07;5.13;3.92;0;0;0.05;0;57.2;18.174;187.17;7258.029;211.363;102.77;16421;PGE
1.05;0;0.47;0;0.2;100.69;0;0.3;16.63;0.08;0.14;0.94;0.02;0.46;0.07;0;0.36;0.28;2.07;5.13;3.92;0;0;0.05;0;57.28;18.334;187.46;7267.159;211.363;102.77;17842;PGE
1.05;0;0.47;0;0.2;100.69;0;0.3;17.66;0.08;0.14;0.94;0.02;0.46;0.07;0;0.36;0.28;2.07;5.13;3.92;0;0;0.05;0;57.4;18.394;187.92;7267.159;211.363;102.77;16994;PGE
1.05;0;0.47;0;0.2;100.69;0;0.3;17.9;0.08;0.14;0.94;0.02;0.46;0.07;0;0.36;0.28;2.07;5.13;3.92;0;0;0.05;0;57.48;18.394;187.99;7271.249;211.363;102.77;12748;PGE
1.05;0;0.47;0;0.2;100.69;0;0.3;18.93;0.08;0.14;0.94;0.02;0.46;0.07;0;0.36;0.28;2.07;5.13;3.92;0;0;0.05;0;57.6;18.454;188.45;7271.249;211.363;102.77;15781;PGE
1.05;0;0.47;0;0.2;100.69;0;0.3;21.1;0.08;0.14;0.94;0.02;0.46;0.07;0;0.36;0.28;2.07;5.13;3.92;0;0;0.05;0;58.05;18.704;189.87;7357.759;211.363;102.77;90074;PGE
1.05;0;0.47;0;0.2;102.3;0;0.3;21.62;0.08;0.14;0.94;0.02;0.46;0.07;0;0.36;0.28;2.07;5.13;4.96;0;0;0.05;0;59.14;18.824;191.72;7392.579;211.363;104.12;142416;PGE
1.05;0;0.47;0;0.2;102.3;0;0.3;21.62;0.08;0.14;0.94;0.02;0.46;0.07;0;0.36;0.28;2.07;5.13;4.96;0;0;0.05;0;59.35;18.844;192.78;7395.519;211.363;104.65;16421;PGE
1.05;0;0.47;0;0.2;102.3;0;0.3;23.32;0.08;0.14;0.94;0.02;0.46;0.07;0;0.36;0.28;2.07;5.13;4.96;0;0;0.05;0;59.8;18.894;193.83;7404.019;211.363;104.65;62440;PGE
1.05;0;0.47;0;0.2;102.3;0.11;0.3;23.32;0.08;0.14;0.94;0.02;0.46;0.07;0;0.36;0.28;2.07;5.13;4.96;0;0;0.05;0;59.84;19.044;193.83;7426.459;211.363;104.65;21354;PGE
1.05;0;0.47;0;0.2;102.3;0.11;0.3;23.32;0.08;0.14;0.94;0.02;0.46;0.07;0;0.36;0.28;2.07;5.13;4.96;0;0;0.05;0;59.84;19.104;194.14;7476.179;211.363;104.65;21500;PGE
1.24;0;0.47;0;0.2;102.5;0.11;0.3;23.32;0.08;0.14;0.94;0.02;0.46;0.07;0;0.36;0.28;2.07;5.13;4.96;0;0;0.05;0;59.84;19.124;194.2;7480.529;211.363;104.65;17500;PGE
1.38;0;0.47;0;0.2;102.7;0.11;0.3;23.32;0.08;0.14;0.94;0.02;0.46;0.07;0;0.36;0.28;2.07;5.13;4.96;0;0;0.05;0;59.84;19.144;194.26;7483.139;211.363;104.65;11000;PGE
1.38;0;0.47;0;0.2;102.7;0.11;0.3;23.32;0.08;0.14;0.94;0.02;0.46;0.07;0;0.36;0.28;2.07;5.13;4.96;0;0;0.05;0;59.84;19.144;194.26;7530.679;256.363;104.65;5750;PGE
1.38;0;0.47;0;0.2;102.7;0.11;0.3;23.32;0.08;0.14;0.94;0.02;0.46;0.07;0;0.36;0.28;2.07;5.13;4.96;0;0;0.05;0;59.84;19.144;194.26;7567.447;256.498;104.65;2000;PGE
1.38;0;0.47;0;0.2;105.59;0.11;0.3;23.32;0.08;0.14;0.94;0.02;0.46;0.07;0;0.36;0.28;2.07;5.13;4.96;0;0;0.05;0;60.85;19.344;197.11;7600.747;256.498;105.73;147095;PGE
1.38;0;0.47;0;0.2;105.59;0.11;0.3;23.32;0.08;0.14;0.94;0.02;0.46;0.07;0;0.36;0.28;2.07;5.13;4.96;0;0;0.05;0;60.85;19.354;197.11;7603.077;256.498;105.73;8282;PGE
1.38;0;0.47;0;0.2;105.59;0.11;0.3;23.32;0.08;0.14;0.94;0.02;0.46;0.07;0;0.36;0.28;2.07;5.13;4.96;0;0;0.05;0;60.85;19.404;197.19;7969.917;256.498;105.73;10000;PGE
1.38;0;0.47;0;0.2;105.59;0.11;0.3;23.32;0.08;0.14;0.94;0.02;0.46;0.07;0;0.36;0.28;2.07;5.13;4.96;0;0;0.05;0;60.85;19.404;197.19;8060.927;256.498;105.73;6000;PGE
1.38;0;0.47;0;0.2;105.59;0.11;0.3;23.32;0.08;0.14;0.94;0.02;0.46;0.07;0;0.36;0.28;2.07;5.13;4.96;0;0;0.05;0;61.02;19.424;197.46;8060.927;256.498;106.26;16421;PGE
1.38;0;0.47;0;0.2;105.59;0.11;0.3;23.82;0.08;0.14;0.94;0.02;0.46;0.07;0;0.36;0.28;2.07;5.13;4.96;0;0;0.05;0;61.3;19.424;197.69;8060.927;256.498;106.26;14468;PGE
1.38;0;0.47;0;0.2;106.51;0.11;0.3;23.82;0.08;0.14;0.94;0.02;0.46;0.07;0;0.36;0.28;2.07;13.33;4.96;0;0;0.05;0;61.52;19.534;199.01;8073.127;261.078;106.26;66189;PGE
2.38;0;0.47;0;0.2;106.79;0.11;0.3;23.82;0.08;0.14;0.94;0.02;0.46;0.07;0;0.36;0.28;2.07;13.58;4.96;0;0;0.05;0;61.6;19.554;199.3;8081.787;261.078;106.26;31400;PGE
2.38;0;0.47;0;0.2;106.79;0.11;0.3;23.82;0.08;0.14;0.94;0.02;0.46;0.07;0;0.36;0.28;2.07;13.58;4.96;0;0;0.05;0;61.6;19.614;199.3;8084.487;261.078;106.26;8536;PGE
2.38;0;0.47;0;0.2;110.08;0.11;0.3;23.82;0.08;0.14;0.94;0.02;0.46;0.07;0;0.36;0.28;2.07;13.58;4.96;0;0;0.05;0;62.8;19.904;204.6;8128.197;261.078;107.71;147095;PGE
2.38;0;0.47;0;0.2;110.08;0.11;0.3;23.82;0.08;0.14;0.94;0.02;0.46;0.07;0;0.36;0.28;2.07;13.58;4.96;0;0;0.05;0;63.01;19.924;205.66;8131.137;261.078;108.24;16421;PGE
2.38;0;0.47;0;0.2;110.08;0.11;0.3;23.82;0.08;0.14;0.94;0.02;0.46;0.07;0;0.36;0.28;2.07;13.58;4.96;0;0;0.05;0;63.01;19.984;205.97;8180.857;261.078;108.24;21500;PGE
2.38;0;0.47;0;0.2;110.08;0.11;0.3;23.82;0.08;0.14;0.94;0.02;0.46;0.07;0;0.36;0.28;2.07;13.58;4.96;0;0;0.05;0;63.01;19.984;205.97;8201.577;281.098;108.24;5750;PGE
2.38;0;0.47;0;0.2;112.58;0.11;0.3;23.82;0.08;0.14;0.94;0.02;0.46;0.07;0;0.36;0.28;2.07;13.58;8.71;0;0;0.05;0;63.97;20.514;210.31;8296.677;281.098;108.24;172763;PGE
2.38;0;0.47;0;0.2;112.58;0.11;0.3;23.82;0.08;0.14;0.94;0.02;0.46;0.07;0;0.36;0.28;2.07;13.58;8.71;0;0;0.05;0;63.97;20.524;210.31;8301.357;281.098;108.24;8689;PGE
2.38;0;0.47;0;0.2;112.58;0.11;0.3;23.82;0.08;0.14;0.94;0.02;0.46;0.07;0;0.36;0.28;2.07;13.58;8.71;0;0;0.05;0;63.97;20.524;210.31;8339.227;281.098;108.24;6000;PGE
2.38;0;0.47;0;0.2;112.58;0.11;0.3;23.82;0.08;0.14;0.94;0.02;0.46;0.07;0;0.36;0.28;2.07;13.58;8.71;0;0;0.05;0;64.14;20.544;210.58;8339.227;281.098;108.77;16421;PGE
2.38;0;0.47;0;0.2;112.58;0.11;0.3;23.82;0.08;0.14;0.94;0.02;0.46;0.07;0;0.36;0.28;2.07;13.58;16.9;0;0;0.05;0;64.3;20.544;210.77;8349.737;281.098;108.77;15238;PGE
2.38;0;0.47;0;0.2;112.58;0.11;0.3;23.82;0.08;0.14;0.94;0.02;0.46;0.07;0;0.36;0.28;2.07;13.58;16.9;0;0;0.05;0;64.47;20.544;210.96;8367.507;281.098;108.77;15238;PGE
2.38;0;0.47;0;0.2;113.03;0.11;0.3;23.82;0.08;0.14;0.94;0.02;0.46;0.07;0;0.36;0.28;2.07;16.1;16.9;0;0;0.05;0;65.51;20.654;212.73;8435.957;281.098;109.13;69967;PGE
2.38;0;0.47;0;0.2;113.03;0.11;0.3;23.82;0.08;0.14;0.94;0.02;0.46;0.07;0;0.36;0.28;2.07;16.1;16.9;0;0;0.05;0;65.81;20.654;213.03;8457.317;281.098;109.82;39846;PGE
2.38;0;0.47;0;0.2;114.84;0.11;0.3;23.82;0.08;0.14;0.94;0.02;0.46;0.07;0.53;0.36;0.28;2.07;16.1;16.9;0;0;0.05;0;67.13;21.204;219.71;8524.417;281.098;110.26;172763;PGE
2.38;0;0.47;0;0.2;114.84;0.11;0.3;23.82;0.08;0.14;0.94;0.02;0.46;0.07;0.53;0.36;0.28;2.07;16.1;16.9;0;0;0.05;0;67.34;21.224;220.77;8527.357;281.098;110.79;16421;PGE
2.38;0;0.47;0;0.2;114.84;0.11;0.3;23.82;0.08;0.14;0.94;0.02;0.46;0.07;0.53;0.36;0.28;2.07;16.1;16.9;0;0;0.05;0;67.54;21.244;221.06;8539.337;281.988;111.42;22330;PGE
2.38;0;0.47;0;0.2;115.82;0.11;0.3;23.82;0.15;0.14;0.94;0.02;0.46;0.07;0.64;0.36;0.28;2.07;16.1;16.9;0;0;0.05;0;67.54;21.414;221.5;8541.407;281.988;111.42;23190;PGE
2.38;0;0.47;0;0.2;115.92;0.11;0.3;23.82;0.15;0.14;0.94;0.02;0.46;0.07;0.64;0.36;0.28;2.07;16.1;16.9;0;0;0.05;0;67.54;21.424;221.6;8544.787;281.988;111.42;4117;PGE
2.38;0;0.47;0;0.2;115.92;0.11;0.3;23.82;0.15;0.14;0.94;0.02;0.46;0.07;0.64;0.36;0.28;2.07;16.1;16.9;0;0;0.05;0;67.54;21.484;221.91;8610.757;281.988;111.42;21500;PGE
2.38;0;0.47;0;0.2;115.92;0.11;0.3;23.82;0.15;0.14;0.94;0.02;0.46;0.07;0.64;0.36;0.28;2.07;16.1;16.9;0;0;0.05;0;67.54;21.484;221.91;8647.857;317.178;111.42;5750;PGE
2.38;0;0.47;0;0.2;117.51;0.11;0.3;23.82;0.15;0.14;0.94;0.02;0.46;0.07;0.64;0.36;0.28;2.07;16.1;16.9;0;0;0.05;0;68.2;21.804;225.43;8675.197;317.178;111.42;162477;PGE
2.38;0;0.47;0;0.2;117.51;0.11;0.3;23.82;0.15;0.14;0.94;0.02;0.46;0.07;0.64;0.36;0.28;2.07;16.1;16.9;0;0;0.05;0;68.37;21.824;225.75;8675.197;317.178;111.93;16421;PGE
2.38;0;0.47;0;0.2;117.51;0.11;0.3;23.82;0.15;0.14;0.94;0.02;0.46;0.07;0.64;0.36;0.28;2.07;16.1;16.9;0;0;0.05;0;68.71;21.824;226.05;8675.197;317.178;111.93;23077;PGE
2.38;0;0.47;0;0.2;117.51;0.11;0.3;23.82;0.15;0.14;0.94;0.02;0.46;0.07;0.64;0.36;0.28;2.07;16.1;16.9;0;0;0.05;0;68.87;21.824;226.05;8675.197;317.178;111.93;18912;PGE
2.38;0;0.47;0;0.2;118.19;0.11;0.3;23.82;0.15;0.14;0.94;0.02;0.46;0.07;0.64;0.36;0.28;2.07;16.1;16.9;0;0;0.05;0;69.32;22.004;227.22;8737.647;317.178;111.93;76803;PGE
2.38;0;0.52;0;0.2;118.65;0.11;0.3;23.82;0.15;0.14;0.94;0.02;0.46;0.07;0.64;0.36;0.28;2.07;16.1;16.9;0;0;0.05;0;69.32;22.104;227.87;8794.747;317.178;111.93;164773;PGE
2.38;0;0.52;0;0.2;118.65;0.11;0.3;23.82;0.15;0.14;0.94;0.02;0.46;0.07;0.64;0.36;0.28;2.07;16.1;16.9;0;0;0.05;0;69.32;22.124;227.95;8799.497;317.178;111.93;15750;PGE
2.38;0;0.52;0;0.2;121.2;0.11;0.3;23.82;0.15;0.14;0.94;0.02;0.46;0.07;0.64;0.36;0.28;2.07;16.1;16.9;0;0;0.05;0;70.21;22.554;232.62;8843.477;317.178;111.93;162477;PGE
2.38;0;0.52;0;0.2;121.2;0.11;0.3;23.82;0.15;0.14;0.94;0.02;0.46;0.07;0.64;0.36;0.28;2.07;16.1;16.9;0;0;0.05;0;70.47;22.574;233.73;8846.417;317.178;112.27;16421;PGE
2.38;0;0.52;0;0.2;121.2;0.11;0.3;23.82;0.15;0.14;0.94;0.02;0.46;0.07;0.64;0.36;0.28;2.07;16.1;16.9;0;0;0.05;0;70.89;22.594;233.97;8853.347;317.178;112.27;39127;PGE
2.38;0;0.54;0;0.2;121.64;0.11;0.3;23.82;0.15;0.14;0.94;0.02;0.46;0.07;0.64;0.36;0.28;2.07;16.1;16.9;0;0;0.05;0;70.89;22.644;234.4;8861.587;317.178;112.27;82387;PGE
2.38;0;0.54;0;0.2;121.64;0.11;0.3;23.82;0.15;0.14;0.94;0.02;0.46;0.07;0.64;0.36;0.28;2.07;16.1;16.9;0;0;0.05;0;71.08;22.644;234.4;8949.287;317.178;112.27;94996;PGE
2.38;0;0.54;0;0.2;121.64;0.11;0.3;23.82;0.15;0.14;0.94;0.02;0.46;0.07;0.64;0.36;0.28;2.07;16.1;16.9;0;0;0.05;0;71.08;22.704;234.71;9004.187;317.178;112.27;21250;PGE
2.38;0;0.54;0;0.2;121.64;0.11;0.3;23.82;0.15;0.14;0.94;0.02;0.46;0.07;0.64;0.36;0.28;2.07;16.1;16.9;0;0;0.05;0;71.12;22.704;234.71;9005.257;317.178;112.27;5000;PGE
2.38;0;0.54;0;0.2;121.64;0.11;0.3;23.82;0.15;0.14;0.94;0.02;0.46;0.07;0.64;0.36;0.28;2.07;16.1;16.9;0;0;0.05;0;71.12;22.704;234.71;9006.927;317.688;112.27;5000;PGE
2.38;0;0.54;0;0.2;122.29;0.11;0.3;23.82;0.15;0.14;0.94;0.02;0.46;0.07;0.64;0.36;0.28;2.07;16.1;16.9;0;0;0.05;0;71.23;22.894;236.54;9025.657;317.688;112.27;99874;PGE
2.38;0;0.54;0;0.2;122.29;0.11;0.3;23.82;0.15;0.14;0.94;0.02;0.46;0.07;0.64;0.36;0.28;2.07;16.1;16.9;0;0;0.05;0;71.23;22.904;236.54;9028.917;317.688;112.27;8418;PGE
2.38;0;0.54;0;0.2;122.29;0.11;0.3;23.82;0.15;0.14;0.94;0.02;0.46;0.07;0.64;0.36;0.28;2.07;16.1;16.9;0;0;0.05;0;71.4;22.924;236.79;9029.057;317.688;112.8;15736;PGE
2.38;0;0.54;0;0.2;122.29;0.11;0.3;23.82;0.15;0.14;0.94;0.02;0.46;0.07;0.64;0.36;0.28;2.07;16.1;16.9;0;0;0.05;0;71.56;22.964;237.47;9029.057;317.688;112.8;13335;PGE
2.38;0;0.54;0;0.2;122.49;0.11;0.3;23.94;0.15;0.14;0.94;0.02;0.46;0.07;0.64;0.36;0.28;2.07;16.1;16.9;0;0;0.05;0;71.6;22.984;237.67;9030.927;317.688;112.8;33807;PGE
2.38;0;0.54;0;0.2;122.49;0.11;0.3;23.94;0.15;0.14;0.94;0.02;0.46;0.07;0.64;0.36;0.28;2.07;16.1;16.9;0;0;0.05;0;71.68;22.984;237.77;9032.167;317.688;112.8;4737;PGE
2.38;0;0.54;0;0.2;122.49;0.11;0.3;23.94;0.15;0.14;0.94;0.02;0.46;0.07;0.64;0.36;0.28;2.07;16.1;16.9;0;0;0.05;0;71.68;22.984;237.77;9036.557;317.688;112.8;5501;PGE
2.38;0;0.54;0;0.2;122.49;0.11;0.3;23.94;0.15;0.14;0.94;0.02;0.46;0.07;0.64;0.36;0.28;2.07;16.1;16.9;0;0;0.05;0;71.68;23.044;237.77;9039.177;317.688;112.8;8364;PGE
2.38;0;0.54;0;0.2;123.45;0.11;0.3;23.94;0.15;0.14;0.94;0.02;0.46;0.07;0.64;0.36;0.28;2.07;16.1;16.9;0;0;0.05;0;71.87;23.264;240.19;9060.177;317.688;112.8;99874;PGE
2.38;0;0.56;0;0.2;123.45;0.11;0.3;23.94;0.15;0.14;0.94;0.02;0.46;0.07;0.64;0.36;0.28;2.07;16.1;16.9;0;0;0.05;0;71.87;23.304;240.6;9098.337;317.688;112.8;21685;PGE
2.38;0;0.56;0;0.2;123.45;0.11;0.3;23.94;0.15;0.14;0.94;0.02;0.46;0.07;0.64;0.36;0.28;2.07;16.1;16.9;0;0;0.05;0;71.87;23.364;240.91;9099.427;317.688;112.8;10750;PGE
2.38;0;0.56;0;0.2;123.45;0.11;0.3;23.94;0.15;0.14;0.94;0.02;0.46;0.07;0.64;0.36;0.28;2.07;16.1;16.9;0;0;0.05;0;71.87;23.424;241.22;9154.327;317.688;112.8;10750;PGE
2.38;0;0.56;0;0.2;124.58;0.11;0.3;23.94;0.15;0.14;0.94;0.02;0.46;0.07;0.64;0.36;0.28;2.07;16.1;16.9;0;0;0.05;0;72.13;23.654;243.18;9177.397;317.688;112.8;108374;PGE
2.38;0;0.56;0;0.2;124.58;0.11;0.3;23.94;0.15;0.14;0.94;0.02;0.46;0.07;0.64;0.36;0.28;2.07;16.1;16.9;0;0;0.05;0;72.15;23.654;243.21;9178.167;317.688;112.8;9537;PGE
2.38;0;0.56;0;0.2;124.58;0.11;0.3;23.94;0.15;0.14;0.94;0.02;0.46;0.07;0.64;0.36;0.28;2.07;16.1;16.9;0;0;0.05;0;72.15;23.714;243.21;9181.157;317.688;112.8;8364;PGE
2.38;0;0.56;0;0.2;124.58;0.11;0.3;23.94;0.15;0.14;0.94;0.02;0.46;0.07;0.64;0.36;0.28;2.07;16.1;16.9;0;0;0.05;0;72.15;23.724;243.21;9184.417;317.688;112.8;8418;PGE
2.38;0;0.56;0;0.2;124.58;0.11;0.3;23.94;0.15;0.14;0.94;0.02;0.46;0.07;0.64;0.36;0.28;2.07;16.1;16.9;0;0;0.05;0;72.32;23.744;243.55;9184.557;317.688;113.33;15393;PGE
2.38;0;0.56;0;0.2;124.58;0.11;0.3;23.94;0.15;0.14;0.94;0.02;0.46;0.07;0.64;0.36;0.28;2.07;16.1;16.9;0;0;0.05;0;72.49;23.744;243.77;9184.557;317.688;113.33;10301;PGE
2.38;0;0.56;0;0.2;124.58;0.11;0.3;23.94;0.15;0.14;0.94;0.02;0.46;0.07;0.64;0.36;0.28;2.07;16.1;16.9;0;0;0.05;0;72.58;23.744;243.77;9190.217;317.688;113.33;9267;PGE
2.38;0;0.56;0;0.2;125.24;0.11;0.3;23.94;0.15;0.14;0.94;0.02;0.46;0.07;0.64;0.36;0.28;2.07;16.1;16.9;0;0;0.05;0;73.13;23.824;245.7;9250.707;317.688;113.33;51542;PGE
2.38;0;0.56;0;0.2;125.67;0.11;0.3;23.94;0.15;0.14;0.94;0.02;0.46;0.07;0.64;0.36;0.28;2.07;16.1;16.9;0;0;0.05;0;73.15;23.904;246.16;9273.497;323.148;113.33;18944;PGE
2.38;0;0.56;0;0.2;125.67;0.11;0.3;23.94;0.15;0.14;0.94;0.02;0.46;0.07;0.64;0.36;0.28;2.07;16.1;16.9;0;0;0.05;0;73.15;23.914;246.28;9273.497;323.148;113.33;19135;PGE
2.38;0;0.56;0;0.2;126.26;0.11;0.3;23.94;0.15;0.14;0.94;0.02;0.46;0.07;0.64;0.36;0.28;3.9;42.46;18.82;0;0;0.05;0;73.15;23.914;246.28;9275.057;323.148;113.33;17572;PGE
2.38;0;0.56;0;0.2;126.26;0.11;0.3;23.94;0.15;0.14;0.94;0.02;0.46;0.07;0.64;0.36;0.28;3.9;42.46;18.82;0;0;0.05;0;73.15;23.944;246.4;9275.057;323.148;113.33;10971;PGE
2.38;0;0.56;0;0.2;126.81;0.11;0.3;23.94;0.15;0.14;0.94;0.02;0.46;0.07;0.64;0.36;0.28;4.25;42.46;18.82;0;0;0.05;0;73.34;24.174;248.9;9303.157;323.148;113.33;100874;PGE
2.38;0;0.56;0;0.2;126.95;0.11;0.3;23.94;0.17;0.14;0.94;0.02;0.46;0.07;0.64;0.36;0.28;4.25;42.46;18.82;0;0;0.05;0;73.5;24.184;249.13;9307.127;323.148;113.33;56705;PGE
2.38;0;0.56;0;0.2;126.95;0.11;0.3;23.94;0.17;0.14;0.94;0.02;0.46;0.07;0.64;0.36;0.28;4.25;42.46;18.82;0;0;0.05;0;73.5;24.244;249.44;9309.507;323.148;113.33;10750;PGE
2.38;0;0.56;0;0.2;126.95;0.11;0.3;23.94;0.17;0.14;0.94;0.02;0.46;0.07;0.64;0.36;0.28;4.25;42.46;18.82;0;0;0.05;0;73.5;24.304;249.75;9364.407;323.148;113.33;10750;PGE
2.38;0;0.56;0;0.2;126.95;0.11;0.3;23.94;0.17;0.14;0.94;0.02;0.46;0.07;0.64;0.36;0.28;4.25;42.46;18.82;0;0;0.05;0;73.5;24.304;249.75;9421.777;377.048;113.33;5750;PGE
2.38;0;0.56;0;0.2;126.95;0.11;0.3;23.94;0.17;0.14;0.94;0.02;0.46;0.07;0.64;0.36;0.28;4.25;42.46;18.95;0;0;0.05;0;73.5;24.304;249.75;9426.187;377.048;113.33;25279;PGE
2.38;0;0.56;0;0.2;126.95;0.11;0.3;23.94;0.17;0.14;0.94;0.02;0.46;0.07;0.64;0.36;0.28;4.25;42.46;19.25;0;0;0.05;0;73.5;24.304;249.75;9431.367;377.048;113.33;29029;PGE
2.38;0;0.56;0;0.2;126.95;0.11;0.3;23.94;0.17;0.14;0.94;0.02;0.46;0.07;0.64;0.36;0.28;4.25;42.46;19.54;0;0;0.05;0;73.5;24.304;249.75;9436.207;377.048;113.33;39000;PGE
2.38;0;0.56;0;0.2;126.95;0.11;0.3;23.94;0.17;0.14;0.94;0.02;0.46;0.07;0.64;0.36;0.28;4.25;42.46;19.54;0;0;0.05;0;73.5;24.304;249.75;9447.307;377.048;113.33;39029;PGE
2.38;0;0.56;0;0.2;127.04;0.11;0.3;23.94;0.17;0.14;0.94;0.02;0.46;0.07;0.64;0.36;0.28;4.25;42.46;19.93;0;0;0.05;0;73.5;24.314;249.84;9450.637;377.048;113.33;16443;PGE
2.38;0;0.56;0;0.2;127.04;0.11;0.3;24.04;0.17;0.14;0.94;0.02;0.46;0.07;0.64;0.36;0.28;4.25;42.46;21.52;0;0;0.05;0;73.5;24.324;249.84;9454.147;385.688;113.33;18759;PGE
2.38;0;0.56;0;0.2;127.29;0.11;0.3;24.04;0.17;0.14;0.94;0.02;0.46;0.07;0.64;0.36;0.28;4.25;42.46;21.52;0;0;0.05;0;73.54;24.354;250.09;9455.737;386.448;113.33;7500;PGE
2.38;0;0.56;0;0.2;127.56;0.11;0.3;24.04;0.17;0.14;0.94;0.02;0.46;0.07;0.64;0.36;0.28;4.25;42.46;21.52;0;0;0.05;0;73.54;24.394;250.32;9457.617;387.038;113.33;8750;PGE
2.38;0;0.56;0;0.2;127.56;0.11;0.3;24.04;0.17;0.14;0.94;0.02;0.46;0.07;0.64;0.36;0.28;4.25;42.46;21.52;0;0;0.05;0;73.58;24.404;250.37;9458.577;387.038;113.33;3125;PGE
2.38;0;0.56;0;0.2;127.56;0.11;0.3;24.04;0.17;0.14;0.94;0.02;0.46;0.07;0.64;0.36;0.28;4.25;42.46;21.52;0;0;0.05;0;73.58;24.414;250.37;9466.697;402.418;113.33;7500;PGE
2.38;0;0.56;0;0.2;127.7;0.11;0.3;24.04;0.17;0.14;0.94;0.02;0.46;0.07;0.64;0.36;0.28;4.78;54.99;21.52;0;0;0.05;0;73.58;24.414;250.37;9480.457;402.418;113.33;2000;PGE
2.38;0;0.56;0;0.2;127.84;0.11;0.3;24.04;0.17;0.14;0.94;0.02;0.46;0.07;0.64;0.36;0.28;5.4;70.22;21.52;0;0;0.05;0;73.58;24.414;250.37;9497.357;402.418;113.33;2000;PGE
2.38;0;0.56;0;0.2;127.84;0.11;0.3;24.04;0.17;0.14;0.94;0.02;0.46;0.13;0.64;0.4;0.28;5.4;70.22;21.52;0;0;0.05;0;73.58;24.464;250.39;9521.047;411.538;113.33;2738;PGE
2.38;0;0.56;0;0.2;127.84;0.11;0.3;24.04;0.21;0.14;0.94;0.02;0.46;0.13;0.64;0.4;0.28;5.4;70.22;21.52;0;0;0.05;0;73.58;24.484;250.39;9522.787;411.538;113.33;908;PGE
2.38;0;0.56;0;0.2;127.84;0.11;0.3;24.04;0.21;0.14;0.94;0.02;0.46;0.13;0.64;0.4;0.28;5.4;70.22;21.52;0;0;0.05;0;73.58;24.504;250.39;9525.157;411.538;113.33;1083;PGE
2.38;0;0.56;0;0.2;127.84;0.11;0.3;24.04;0.21;0.14;0.94;0.02;0.46;0.13;0.64;0.4;0.28;5.4;70.22;21.52;0;0;0.05;0;73.58;24.504;250.39;9526.227;411.538;113.33;17;PGE
2.38;0;0.56;0;0.2;127.84;0.11;0.3;24.04;0.21;0.14;0.94;0.02;0.46;0.13;0.64;0.4;0.28;5.4;70.22;21.52;0;0;0.05;0;73.58;24.504;250.39;9528.187;411.538;113.33;1346;PGE
2.38;0;0.56;0;0.2;127.84;0.11;0.3;24.28;0.21;0.14;0.94;0.02;0.46;0.13;0.64;0.4;0.28;5.4;70.22;21.52;0;0;0.05;0;73.58;24.524;250.41;9528.697;411.538;113.33;5838;PGE
2.38;0.38;0.56;0;0.2;129.46;0.11;0.3;24.28;0.21;0.14;0.94;0.02;0.46;0.13;0.64;0.4;0.28;5.4;70.22;21.52;0;0.75;0.05;0;73.58;24.794;251.43;9547.467;411.538;113.33;79510.7;CSM
2.38;0.38;0.56;0;0.2;129.46;0.11;0.3;24.72;0.21;0.14;0.94;0.02;0.46;0.13;0.64;0.4;0.28;5.4;70.22;21.52;0;0.75;0.05;0;73.6;24.834;251.74;9555.107;411.538;113.33;31028.44;CSM
2.38;0.38;0.56;0;0.2;129.66;0.11;0.3;24.72;0.21;0.14;0.94;0.02;0.46;0.13;0.64;0.4;0.28;5.4;70.22;21.52;0;0.75;0.05;0;73.61;24.854;251.87;9559.047;411.538;113.37;8252.25;CSM
2.38;0.38;0.56;0;0.2;129.66;0.11;0.3;24.72;0.21;0.14;0.94;0.02;0.46;0.13;0.64;0.4;0.28;5.4;70.22;21.52;0;0.75;0.05;0;73.61;25.024;252.02;9609.817;411.538;113.37;40686.69;CSM
2.38;0.38;0.56;0;0.2;129.86;0.11;0.3;24.72;0.21;0.14;0.94;0.02;0.46;0.13;0.64;0.4;0.28;5.4;70.22;22.5;0;0.75;0.05;0;73.61;25.054;252.02;9612.697;411.538;113.37;52843.75;CSM
2.38;0.38;0.56;0;0.2;129.86;0.11;0.3;24.72;0.21;0.14;0.94;0.02;0.46;0.13;0.64;0.4;0.28;5.4;70.22;22.5;0;0.75;0.05;0;73.61;25.054;252.02;9795.777;411.538;113.37;83000;CSM
0;0;0;0;0;0;0;0;0;0;0;0;0;0;0;0;0;0;0;0;0;0;0;0;0;0;0;0;0.57;0;0;8595.097532;CSM
0;0;0;0;0;0;0;0;0;0;0;0;0;0.05;0;0;0;0;0;2.34;0;0;0;0.08;0;0;0;0;2.86;0.57;0;88966.79902;CSM
0;0;0;0;0;0;0;0;0;0;0;0;0;0.05;0;0;0;0;0;2.34;0;0;0;0.08;0;0;0.03;0.07;297.99;0.57;0;20394.05323;CSM
0;0;0;0;0;0;0;0;0;0;0;0;0;0.06;0;0;0;0;0;2.34;0;0;0;0.1;0;0;0.04;0.09;608.93;0.57;0;41456.55299;CSM
0;0;0;0;0;0;0;0;0;0;0;0;0;0.06;0;0;0;0;0;2.34;0;0;0;0.1;0;0.01;0.04;0.09;609.33;0.57;0.03;41486.35203;CSM
0;0;0;0;0;0;0;0;0;0;0;0;0;0.06;0;0;0;0;0;2.34;0;0;0;0.1;0;0.02;0.04;0.09;612.31;1.42;0.07;41749.12534;CSM
0;0;0;0;0;0;0;0;0.22;0;0;0;0;0.06;0;0;0;0;0;2.34;0;0;0;0.1;0;0.02;0.06;0.11;722.81;1.69;0.07;49268.64093;CSM
0;0;0;0;0;0;0;0;0.42;0;0;0;0;0.06;0;0.06;0;0;0;2.34;0;0;0;0.1;0;0.02;0.08;0.11;724.63;1.69;0.07;49410.8636;CSM
0;0;0;0;0;0;0;0;0.42;0;0;0;0;0.06;0;0.06;0;0;0;2.34;0;0;0;0.1;0;0.02;0.08;0.11;725.64;1.69;0.07;49479.26593;CSM
0;0;0;0;0;0;0;0;0.42;0;0;0;0;0.06;0;0.06;0;0;0;2.74;1.55;0;0;0.1;0;0.02;0.08;0.11;734.14;1.69;0.07;50186.99301;CSM
0;0;0.02;0;0;0;0;0.02;0.42;0;0;0;0;0.06;0;0.06;0;0;0;2.74;1.55;0;0;0.1;0;0.02;0.08;0.11;735.31;1.69;0.07;50268.94035;CSM
0;0;0.02;0;0;0;0;0.02;0.42;0;0;0;0;0.08;0;0.06;0;0;0;2.74;1.55;0;0;0.1;0;0.02;0.11;0.14;740.83;1.69;0.07;130678.5085;CSM
0;0;0.02;0;0;0;0;0.02;0.42;0;0;0;0;0.08;0;0.06;0;0;0;2.74;1.55;0;0;0.1;0;0.02;0.11;0.14;743.92;1.69;0.07;131218.4518;CSM
0;0;0.02;0;0;0;0;0.02;0.42;0;0;0;0;0.08;0;0.06;0;0;0;2.74;1.55;0;0;0.1;0;0.02;0.11;0.14;747.27;1.69;0.07;131803.8272;CSM
0;0;0.02;0;0;0;0;0.02;0.42;0;0;0;0;0.08;0;0.06;0;0;0;10.3;1.55;0;0;0.1;0;0.02;0.18;0.14;769.77;3.52;0.07;57427.03874;CSM
0;0;0.02;0;0;0;0;0.02;0.42;0;0;0;0;0.08;0;0.06;0;0;0;10.3;1.55;0;0;0.1;0;0.02;0.18;0.14;782.69;5.19;0.07;58492.68007;CSM
0;0;0.02;0;0;0;0;0.02;0.42;0;0;0;0;0.08;0;0.06;0;0;0;17.86;1.95;0;0;0.1;0;0.02;0.36;0.52;830.26;5.19;0.07;62589.44649;CSM
0;0;0.02;0;0;0;0;0.02;0.42;0;0;0;0;0.08;0;0.06;0;0;0;17.86;22.66;0;0;0.1;0;0.02;0.43;0.52;927.83;5.19;0.07;71233.63096;CSM
0;0;0.02;0;0;0;0;0.02;0.42;0;0;0;0;0.08;0;0.06;0;0;0;17.86;22.66;0;0;0.1;0;0.06;0.43;0.52;935.88;5.19;0.07;71824.51775;CSM
0;0;0.02;0;0;0;0;0.02;0.42;0;0;0;0;0.08;0;0.06;0;0;0;17.86;22.66;0;0;0.1;0;0.06;0.43;0.52;940.11;5.19;0.07;72133.4734;CSM
0;0;0.02;0;0;0;0;0.02;0.42;0;0;0;0;0.1;0;0.06;0;0;0;17.86;22.66;0;0;0.1;0;0.08;0.44;0.6;943.49;5.39;0.07;58585.57539;CSM
0;0;0.02;0;0;0;0;0.02;0.42;0;0;0;0;0.1;0;0.06;0;0;0;17.86;22.66;0;0;0.1;0;0.08;0.49;0.66;981.9;5.39;0.07;60862.07453;CSM
0;0;0.02;0;0;0;0;0.02;0.42;0;0;0;0;0.1;0;0.06;0;0;0;17.86;22.66;0;0;0.1;0;0.08;0.49;0.66;1034.12;5.39;0.07;63948.23198;CSM
0;0;0.02;0;0;0;0;0.02;0.42;0;0;0;0;0.1;0;0.06;0;0;0;17.86;22.66;0;0;0.1;0;0.08;0.51;0.68;1129.11;13.99;0.07;70072.67659;CSM
0;0;0.02;0;0;0;0;0.02;0.42;0;0;0;0;0.1;0;0.06;0;0;0;17.86;22.66;0;0;0.1;0;0.08;0.51;0.68;1129.59;13.99;0.07;70101.04418;CSM
0;0;0.02;0;0;0;0;0.02;0.42;0;0;0;0;0.12;0;0.06;0;0;0;17.86;22.66;0;0;0.1;0;0.08;0.52;0.68;1130.07;13.99;0.07;70131.18474;CSM
0;0;0.02;0;0;0;0;0.02;0.42;0;0;0;0;0.23;0;0.06;0;0;0;17.86;22.66;0;0;0.1;0;0.08;0.59;0.75;1310.96;13.99;0.07;94407.32422;CSM
0;0;0.02;0;0;0;0;0.02;0.42;0;0;0;0;0.23;0;0.06;0;0;0;17.86;22.66;0;0;0.1;0;0.08;0.74;1.27;1345.54;51.21;0.07;99409.26074;CSM
0;0;0.03;0;0;0;0;0.02;0.42;0;0;0;0;0.23;0;0.06;0;0;0;17.86;22.66;0;0;0.1;0;0.08;0.74;1.28;1345.73;51.21;0.07;99423.7551;CSM
0;0;0.03;0;0;0;0;0.02;0.42;0.02;0;0;0;0.23;0;0.06;0;0;0;17.86;22.66;0;0;0.1;0;0.08;0.75;1.28;1360.72;51.21;0.07;100460.4473;CSM
0;0;0.03;0;0;0;0;0.02;0.42;0.02;0;0;0;0.23;0;0.06;0;0;0;17.86;22.66;0;0;0.1;0;0.12;0.75;1.28;1365.28;51.21;0.2;14500;CSM
0;0;0.03;0;0;0;0;0.02;0.68;0.02;0;0;0;0.26;0;0.06;0;0.1;0;17.86;22.66;0;0;0.1;0;0.21;0.8;1.38;1453.74;51.21;0.2;75637.84;CSM
0;0;0.03;0;0;0.09;0;0.02;0.68;0.02;0;0;0;0.34;0;0.06;0;0.15;0;17.86;22.66;0;0;0.1;0;0.21;0.89;1.38;1497.45;91.53;0.2;88626.44;CSM
0;0;0.03;0;0;0.09;0;0.02;0.68;0.02;0;0;0;0.96;0;0.06;0;0.15;0;42.16;22.66;1.52;0;0.1;0;0.77;0.89;1.38;1497.45;195.39;0.2;67632.64;CSM
0.18;0.04;0.03;0;0;0.09;0;0.02;0.68;0.02;0;0;0;0.96;0;0.06;0;0.15;0;42.16;22.66;1.59;0;0.1;0;0.77;0.89;1.41;1498.19;195.39;0.2;9405;CSM
0.18;0.04;0.03;0;0;0.09;0;0.02;0.68;0.02;0;0;0;1.17;0;0.45;0;0.15;0;42.16;22.66;1.59;0;0.1;0;0.77;1.22;1.41;1754.49;204.47;0.2;394741.36;CSM
0.18;0.04;0.49;0;0;3.15;0;0.02;0.68;0.02;0;0;0;1.17;0;0.45;0;0.15;0;42.16;43.11;1.59;0;0.1;0;0.77;1.32;2.45;2402.71;249.78;0.2;424175.44;CSM
0.18;0.04;0.83;0.6;0;3.41;0;0.02;0.68;0.02;0;0;0;1.17;0;0.45;0;0.15;0.4;52;43.97;1.59;0;0.1;13.41;7.14;8.79;2.45;2411;251.48;0.2;27000;CSM
0.18;0.04;0.85;0.6;0;3.41;0;0.04;0.68;0.02;0;0;0;1.17;0;0.45;0;0.15;0.4;52;43.97;1.59;0;0.1;13.41;7.14;8.79;2.45;2412.56;251.48;0.2;9500;CSM
0.18;0.04;0.85;0.6;0;3.41;0;0.04;0.68;0.02;0;0;0;1.17;0;0.45;0;0.15;0.4;52;43.97;1.59;0;0.1;13.41;7.14;8.83;2.61;2415.97;252.36;0.2;24973.98;CSM
0.18;0.04;0.88;0.6;0;4.11;0;0.04;0.68;0.02;0;0.1;0;1.17;0;0.45;0;0.15;0.4;52;43.97;1.59;0;0.1;13.41;7.14;8.94;2.77;2545.02;254.36;0.2;184000;CSM
0.18;0.08;0.88;0.6;0;4.11;0.14;0.04;1.61;0.06;0;0.1;0;1.17;0;0.45;0;0.19;1.04;52;43.97;1.59;0.08;0.1;13.41;7.38;9;3.25;2578.31;254.36;0.2;12500;PGE
0.18;0.08;0.88;0.6;0;4.11;0.14;0.04;1.61;0.06;0;0.1;0;1.17;0;0.45;0;0.19;1.04;52;43.97;1.59;0.08;0.1;13.41;7.38;9.02;3.25;2579.36;254.36;0.2;12500;PGE
0.18;0.08;0.88;0.6;0;4.11;0.14;0.04;1.61;0.06;0;0.1;0;1.17;0;0.45;0;0.19;1.04;52;43.97;1.59;0.08;0.1;13.41;7.48;9.03;3.62;2592.14;259.11;0.2;13807.57865;CSM
0.18;0.08;0.88;0.6;0;4.11;0.14;0.04;1.61;0.06;0;0.1;0;1.17;0;0.45;0;0.19;1.04;52;43.97;1.59;0.08;0.1;13.41;7.48;9.03;3.62;2599.22;259.11;0.2;13840.2366;CSM
0.18;0.08;0.88;0.6;0;4.11;0.14;0.04;1.61;0.06;0;0.1;0;1.17;0;0.45;0;0.19;1.04;52;43.97;1.59;0.08;0.1;13.41;7.48;9.03;3.62;2611.59;271.46;0.2;13954.26267;CSM
0.18;0.08;0.88;0.6;0;4.11;0.14;0.04;1.61;0.06;0;0.1;0;1.17;0;0.45;0;0.19;1.04;52;43.97;1.59;0.08;0.1;13.41;7.48;9.03;3.62;2612.72;272.01;0.2;13962.01201;CSM
0.18;0.08;0.88;0.6;0;4.11;0.14;0.04;1.61;0.06;0;0.1;0;1.17;0;0.45;0;0.19;1.04;52;43.97;1.59;0.08;0.1;13.41;7.51;9.03;3.74;2632.6;272.01;0.2;14054.40449;CSM
0.18;0.08;0.88;0.6;0;4.11;0.14;0.04;1.61;0.06;0;0.1;0;1.17;0;0.45;0;0.19;1.04;52;43.97;1.59;0.08;0.1;13.41;7.51;9.03;3.74;2652.69;272.01;0.2;14147.07373;CSM
0.18;0.08;0.88;0.6;0;4.11;0.14;0.04;1.61;0.06;0;0.1;0;1.17;0;0.45;0;0.19;1.04;52;43.97;1.59;0.08;0.1;13.41;7.54;9.03;3.86;2658.95;272.01;0.2;14176.64117;CSM
0.18;0.08;0.88;0.6;0;4.11;0.14;0.04;1.61;0.06;0;0.1;0;1.17;0;0.45;0;0.19;1.04;52;43.97;1.59;0.08;0.1;13.41;7.57;9.03;3.98;2701.13;272.01;0.2;14371.89697;CSM
0.18;0.08;0.88;0.6;0;4.11;0.34;0.04;1.61;0.06;0;0.1;0;1.17;0;0.45;0;0.19;1.04;52;43.97;1.59;0.08;0.1;13.41;7.65;9.03;3.98;2707.6;275.96;0.2;14421.25291;CSM
0.18;0.08;0.88;0.6;0;4.11;0.52;0.04;1.61;0.06;0;0.1;0;1.17;0;0.45;0;0.19;1.04;52;43.97;1.59;0.08;0.1;13.41;7.73;9.03;3.98;2713.48;281.97;0.2;14477.29728;CSM
0.18;0.08;0.88;0.6;0;4.2;0.52;0.04;1.61;0.06;0;0.1;0;1.17;0;0.45;0;0.19;1.04;52;43.97;1.59;0.08;0.1;13.41;7.76;9.04;4.26;2716.47;283.92;0.2;14501.97525;CSM
0.18;0.08;0.88;0.6;0;4.29;0.52;0.04;1.61;0.06;0;0.1;0;1.17;0;0.45;0;0.19;1.04;52;43.97;1.59;0.08;0.1;13.41;7.76;9.05;4.42;2718.74;284.2;0.2;14514.93695;CSM
0.18;0.08;0.88;0.6;0;4.29;0.52;0.04;1.61;0.06;0;0.1;0;1.17;0;0.45;0;0.19;1.04;52;43.97;1.59;0.08;0.1;13.41;7.79;9.06;4.56;2719.51;284.2;0.2;42221.7834;CSM
0.18;0.08;0.88;0.6;0;4.29;0.52;0.04;1.61;0.06;0;0.1;0;1.17;0;0.45;0;0.19;1.04;52;43.97;1.59;0.08;0.1;13.41;7.79;9.06;4.56;2749;284.2;0.2;42617.35105;CSM
0.18;0.08;0.88;0.6;0;4.38;0.52;0.04;1.61;0.06;0;0.1;0;1.17;0;0.45;0;0.19;1.04;52;43.97;1.59;0.08;0.1;13.41;7.79;9.07;4.71;2751.51;284.96;0.2;42664.56699;CSM
0.18;0.08;0.88;0.6;0;4.47;0.52;0.04;1.61;0.06;0;0.1;0;1.17;0;0.45;0;0.19;1.04;52;43.97;1.59;0.08;0.1;13.41;7.79;9.08;4.75;2753.16;287.74;0.2;42725.86724;CSM
0.18;0.08;0.88;0.6;0;4.47;0.52;0.04;1.61;0.06;0;0.1;0;1.17;0;0.45;0;0.19;1.04;52;43.97;1.59;0.08;0.1;13.41;7.82;9.09;4.89;2758.58;287.74;0.2;42357.87266;CSM
0.18;0.08;0.88;0.6;0;4.56;0.52;0.04;1.61;0.06;0;0.1;0;1.17;0;0.45;0;0.19;1.04;52;43.97;1.59;0.08;0.1;13.41;7.82;9.1;5.04;2774.41;287.82;0.2;42572.39264;CSM
0.18;0.08;0.88;0.6;0;4.56;0.52;0.04;1.61;0.06;0;0.1;0;1.17;0;0.45;0;0.19;1.04;52;43.97;1.59;0.08;0.1;13.41;7.82;9.1;5.04;2779.92;287.82;0.2;42645.53652;CSM
0.18;0.08;0.88;0.6;0;4.65;0.52;0.04;1.61;0.06;0;0.1;0;1.17;0;0.45;0;0.19;1.04;52;43.97;1.59;0.08;0.1;13.41;7.82;9.11;5.08;2780.4;287.82;0.2;42653.76686;CSM
0.18;0.08;0.88;0.6;0;4.65;0.52;0.04;2.28;0.06;0;0.1;0;1.17;0;0.45;0;0.19;1.04;52;43.97;1.59;0.08;0.1;13.41;7.84;9.16;5.18;2781.03;287.82;0.2;85105.78298;CSM
0.18;0.08;0.88;0.6;0;4.65;0.52;0.04;2.28;0.06;0;0.1;0;1.17;0;0.45;0;0.19;1.04;52;43.97;1.59;0.08;0.1;13.41;7.84;9.16;5.18;2781.53;288;0.2;85123.78571;CSM
0.18;0.08;0.88;0.6;0;4.65;0.52;0.04;2.28;0.06;0;0.1;0;1.17;0;0.45;0;0.19;1.04;52;43.97;1.59;0.08;0.1;13.41;7.84;9.16;5.18;2781.72;288;0.2;141928.3133;CSM
