BallNose6;CenterDrill3;CenterDrill8x90;Countersink5x60;Countersink3x90;Countersink5x90;Countersink6x90;Countersink10x90;Countersink16x90;Countersink25x90;Drill1;Drill3;Drill35;Drill5;Drill65;Drill7;Drill125;Drill15;Drill20;FlatEnd4;FlatEnd5;Tap4;Tap5;Tap6;BallNose5Sum;CenterDrillx60Sum;CenterDrillx90Sum;DrillSum;FlatEndSum;FlatEndSum2;TapSum
0;0;0;0;0;0.008624673;0;0;0;0;0;0;0;0;0;0;0;0;0;0;0;0;0;0;0;0.016030431;0.007184482;0.00718197;0.00633371;0.004762622;0.02937285
0;0;0;0;0;0.008624673;0;0;0;0;0;0;0;0;0;0;0;0;0;0;0;0;0;0;0;0.016030431;0.007982757;0.007459725;0.007094286;0.004762622;0.02937285
0;0;0;0;0;0.010164793;0;0;0;0;0;0;0;0;0;0;0;0;0;0;0;0;0;0;0;0.016030431;0.008781033;0.007697802;0.00714431;0.004762622;0.02937285
0;0;0;0;0;0.010164793;0;0;0;0;0;0;0;0;0;0;0;0;0;0;0;0;0;0;0;0.018339899;0.009579309;0.008689787;0.007158603;0.004762622;0.033959601
0;0;0;0;0;0.012551979;0;0;0;0;0;0;0;0;0;0;0;0;0;0;0;0;0;0;0;0.019834262;0.010776722;0.010792794;0.007544506;0.004762622;0.035018082
0;0;0.136363636;0;0;0.025951024;0;0;0;0;0;0.819148936;0;0;0;0;0;0;0;0;0;0;0;0;0;0.027849477;0.017961204;0.015236886;0.020098605;0.004762622;0.056099497
0;0;0.136363636;0;0;0.027645156;0;0;0;0;0;0.819148936;0;0;0;0;0;0;0;0;0;0;0;0;0;0.027849477;0.01875948;0.017141497;0.020618247;0.010594404;0.056099497
0;0;0.136363636;0;0;0.028492222;0;0;0;0;0;0.819148936;0;0;0;0;0;0;0;0;0;0;0;0;0;0.027849477;0.019158617;0.017498611;0.020885725;0.010594404;0.056099497
0;0;0.136363636;0;0;0.045741568;0;0;0;0;0;0.819148936;0;0;0;0;0;0;0;0;0;0;0;0;0;0.033826926;0.040712062;0.029799222;0.023758559;0.010594404;0.064831966
0;0;0.136363636;0;0;0.045741568;0;0;0;0;0;0.819148936;0;0;0;0;0;0;0;0;0;0;0;0;0;0.036679799;0.041510338;0.03384652;0.024067894;0.010594404;0.069154097
0;0;0.147727273;0;0;0.047358694;0;0;0;0;0;0.819148936;0;0;0;0;0;0;0;0;0;0;0;0;0;0.037902459;0.042308613;0.035036902;0.024289431;0.010594404;0.069154097
0;0;0.147727273;0;0;0.04897582;0;0;0;0;0;0.819148936;0;0;0;0;0;0;0;0;0;0;0;0;0;0.039125119;0.043106889;0.036028887;0.024510967;0.010594404;0.069154097
0;0;0.159090909;0;0;0.050592946;0;0;0;0;0;0.819148936;0;0;0;0;0;0;0;0;0;0;0;0;0;0.040347779;0.043905165;0.037219268;0.024732504;0.010594404;0.069154097
0;0;0.159090909;0;0;0.056984445;0;0;0;0;0;0.819148936;0;0;0;0;0;0;0;0;0;0;0;0;0;0.042793099;0.051089646;0.043528291;0.030294408;0.010594404;0.069154097
0;0;0.159090909;0;0;0.056984445;0;0;0;0;0;0.819148936;0;0;0;0;0;0;0;0;0;0;0;0;0;0.042793099;0.053484474;0.044758353;0.030537384;0.010594404;0.069154097
0;0;0.159090909;0;0;0.056984445;0;0;0;0;0;0.819148936;0;0;0;0;0;0;0;0;0;0;0;0;0;0.042793099;0.055879301;0.045988414;0.036054368;0.010594404;0.069154097
0;0;0.159090909;0;0;0.070075466;0;0;0;0;0;0.819148936;0;0;0;0;0;0;0;0;0;0;0;0;0;0.046189376;0.06346292;0.051940322;0.038741397;0.010594404;0.077798359
0;0;0.159090909;0;0;0.070075466;0;0;0;0;0;0.819148936;0;0;0;0;0;0;0;0;0;0;0;0;0;0.046189376;0.065857747;0.051940322;0.039008874;0.010594404;0.077798359
0;0;0.159090909;0;0;0.070075466;0;0;0;0;0;0.819148936;0;0;0;0;0;0;0;0;0;0;0;0;0;0.046189376;0.066256885;0.051940322;0.039435614;0.010594404;0.077798359
0;0;0.159090909;0;0;0.070075466;0;0;0;0;0;0.819148936;0;0;0;0;0;0;0;0;0;0;0;0;0;0.048498845;0.067055161;0.052852948;0.039449906;0.010594404;0.082473317
0;0;0.159090909;0;0;0.070075466;0;0;0;0;0;0.819148936;0;0;0;0;0;0;0;0;0;0;0;0;0;0.050808314;0.067853437;0.053844933;0.039482576;0.010594404;0.087148276
0;0;0.159090909;0;0;0.070075466;0;0;0;0;0;0.819148936;0;0;0;0;0;0;0;0;0;0;0;0;0;0.053253634;0.067853437;0.054836918;0.039482576;0.010594404;0.089618065
0;0;0.159090909;0;0;0.074849838;0;0;0;0;0;0.819148936;0;0;0;0;0;0;0;0;0;0;0;0;0;0.055019698;0.070647402;0.057098643;0.039931775;0.015721513;0.091999647
0;0;0.159090909;0;0;0.074849838;0;0;0;0;0;0.819148936;0;0;0;0;0;0;0;0;0;0;0;0;0;0.058008423;0.070647402;0.058447742;0.040320741;0.015721513;0.09517509
0;0;0.159090909;0;0;0.074849838;0;0;0;0;0;0.819148936;0;0;0;0;0;0;0;0;0;0;0;0;0;0.060997147;0.070647402;0.059796842;0.040709706;0.015721513;0.098350534
0;0;0.159090909;0;0;0.076389958;0;0;0;0;0;0.819148936;0;0;0;0;0;0;0;0;0;0;0;0;0;0.061540552;0.071445677;0.060749147;0.041351857;0.015721513;0.098350534
0;0;0.159090909;0;0;0.084860619;0;0;0;0;0;0.819148936;0;0;0;0;0;0;0;0;0;0;0;0;0;0.070370874;0.077033607;0.07229585;0.044207335;0.015721513;0.108935344
0;0;0.159090909;0;0;0.084860619;0;0;0;0;0;0.819148936;0;0;0;0;0;0;0;0;0;0;0;0;0;0.073223747;0.077831883;0.076422506;0.04451667;0.015721513;0.113522096
0;0;0.159090909;0;0;0.087940859;0;0;0;0.285714286;0;0.819148936;0;0;0;0;0;0;0;0;0;0;0;0;0;0.080423855;0.079428435;0.088842155;0.045357898;0.015721513;0.123577666
0;0;0.159090909;0;0;0.091252118;0;0;0;0.285714286;0;0.819148936;0;0;0;0;0;0;0;0;0;0;0;0;0;0.088846624;0.085415503;0.098603285;0.056186664;0.015721513;0.138043574
0;0;0.159090909;0;0;0.091252118;0;0;0;0.285714286;0;0.819148936;0;0;0;0;0;0;0;0;0;0;0;0;0;0.088846624;0.08781033;0.099833347;0.05642964;0.015721513;0.138043574
0;0;0.159090909;0;0;0.091252118;0;0;0;0.285714286;0;0.819148936;0;0;0;0;0;0;0;0;0;0;0;0;0;0.088846624;0.090205157;0.101063408;0.062034422;0.015721513;0.138043574
0;0;0.159090909;0;0;0.104959187;0;0;0.009304207;0.285714286;0;0.819148936;0;0;0;0;0;0;0;0;0;0;0;0;0;0.095231626;0.098187914;0.108245377;0.067909744;0.015721513;0.148540178
0;0;0.159090909;0;0;0.104959187;0;0;0.009304207;0.285714286;0;0.819148936;0;0;0;0;0;0;0;0;0;0;0;0;0;0.095367477;0.098187914;0.108245377;0.068185389;0.015721513;0.148804798
0;0;0.159090909;0;0;0.104959187;0;0;0.009304207;0.285714286;0;0.819148936;0;0;0;0;0;0;0;0;0;0;0;0;0;0.095503328;0.098187914;0.108245377;0.068612128;0.015721513;0.149069419
0;0;0.159090909;0;0;0.104959187;0;0;0.009304207;0.285714286;0;0.819148936;0;0;0;0;0;0;0;0;0;0;0;0;0;0.097812797;0.09898619;0.10939608;0.068626421;0.015721513;0.154361824
0;0;0.159090909;0;0;0.106499307;0;0;0.009304207;0.285714286;0;0.819148936;0;0;0;0;0;0;0;0;0;0;0;0;0;0.100529819;0.100582741;0.111102293;0.069292053;0.017519646;0.158507542
0;0;0.159090909;0;0;0.106499307;0;0;0.009304207;0.285714286;0;0.819148936;0;0;0;0;0;0;0;0;0;0;0;0;0;0.100801522;0.100582741;0.111102293;0.069292053;0.017519646;0.15991885
0;0;0.159090909;0;0;0.106499307;0;0;0.009304207;0.285714286;0;0.819148936;0;0;0;0;0;0;0;0.013528909;0;0;0;0;0;0.102431735;0.102179293;0.113125942;0.070316023;0.017519646;0.161771192
0;0;0.159090909;0;0;0.109964577;0;0;0.009304207;0.285714286;0;0.819148936;0;0;0;0;0;0;0;0.013528909;0;0;0;0;0;0.103790246;0.105372396;0.114871836;0.085153892;0.017519646;0.161771192
0;0;0.159090909;0;0;0.115200986;0;0;0.009304207;0.285714286;0;0.819148936;0;0;0;0;0;0;0;0.013528909;0;0;0;0;0;0.111262057;0.112556877;0.124672645;0.09634508;0.017519646;0.167063597
0;0;0.159090909;0;0;0.115200986;0;0;0.009304207;0.285714286;0;0.819148936;0;0;0;0;0;0;0;0.013528909;0;0;0;0;0;0.111262057;0.113355153;0.124950401;0.097281252;0.017519646;0.167063597
0;0;0.159090909;0;0;0.122208532;0;0;0.009304207;0.285714286;0;0.819148936;0;0;0;0;0;0;0;0.013528909;0;0;0;0;0;0.115065888;0.118943083;0.12828347;0.101121906;0.017519646;0.177471994
0;0;0.159090909;0;0;0.122208532;0;0;0.009304207;0.285714286;0;0.819148936;0;0;0;0;0;0;0;0.013528909;0;0;0;0;0;0.117918761;0.119741359;0.132767241;0.101440429;0.017519646;0.1827644
0;0;0.159090909;0;0;0.122208532;0;0;0.009304207;0.285714286;0;0.819148936;0;0;0;0;0;0;0;0.013528909;0;0;0;0;0;0.117918761;0.122136186;0.133997302;0.101683405;0.017519646;0.1827644
0;0;0.159090909;0;0;0.122208532;0;0;0.009304207;0.285714286;0;0.819148936;0;0;0;0;0;0;0;0.013528909;0;0;0;0;0;0.117918761;0.124531013;0.135227363;0.107881334;0.017519646;0.1827644
0.071428571;0;0.159090909;0;0;0.123748652;0;0;0.009304207;0.285714286;0;0.819148936;0;0;0;0;0;0;0;0.013528909;0;0;0;0;0;0.117918761;0.125329289;0.135465439;0.108248861;0.017519646;0.1827644
0.176470588;0;0.159090909;0;0;0.125288773;0;0;0.009304207;0.285714286;0;0.819148936;0;0;0;0;0;0;0;0.013528909;0;0;0;0;0;0.117918761;0.126127564;0.135703516;0.108962475;0.017519646;0.1827644
0.176470588;0;0.159090909;0;0;0.135145541;0;0;0.009304207;0.285714286;0;0.819148936;0;0;0;0;0;0;0;0.013528909;0;0;0;0;0;0.121043337;0.131715495;0.139750813;0.113938378;0.017519646;0.191320455
0.176470588;0;0.159090909;0;0;0.135145541;0;0;0.009304207;0.285714286;0;0.819148936;0;0;0;0;0;0;0;0.013528909;0;0;0;0;0;0.121043337;0.132114632;0.139750813;0.1144131;0.017519646;0.191320455
0.176470588;0;0.159090909;0;0;0.135145541;0;0;0.009304207;0.285714286;0;0.819148936;0;0;0;0;0;0;0;0.013528909;0;0;0;0;0;0.123352805;0.132912908;0.140901516;0.114427393;0.017519646;0.195995413
0.176470588;0;0.159090909;0;0;0.135145541;0;0;0.009304207;0.285714286;0;0.819148936;0;0;0;0;0;0;0;0.013528909;0;0;0;0;0;0.126749083;0.132912908;0.142250615;0.115148154;0.017519646;0.200758578
0.176470588;0;0.159090909;0;0;0.135145541;0;0;0.009304207;0.285714286;0;0.819148936;0;0;0;0;0;0;0;0.013528909;0;0;0;0;0;0.126749083;0.133312046;0.142250615;0.115423799;0.017519646;0.200758578
0.176470588;0;0.159090909;0;0;0.140150932;0;0;0.009304207;0.285714286;0;0.819148936;0;0;0;0;0;0;0;0.013528909;0;0;0;0;0;0.132318978;0.136106011;0.145345607;0.119592164;0.017519646;0.21266649
0.176470588;0;0.159090909;0;0;0.140150932;0;0;0.009304207;0.285714286;0;0.819148936;0;0;0;0;0;0;0;0.013528909;0;0;0;0;0;0.135171852;0.136904287;0.149829379;0.119910687;0.017519646;0.217253242
0.176470588;0;0.159090909;0;0;0.140843986;0;0;0.009304207;0.285714286;0;0.819148936;0;0;0;0;0;0;0;0.013528909;0;0;0;0;0;0.135171852;0.137303425;0.150107134;0.120100576;0.017519646;0.217253242
0.176470588;0;0.159090909;0;0;0.140843986;0;0;0.009304207;0.285714286;0;0.819148936;0;0;0;0;0;0;0;0.013528909;0;0;0;0;0;0.13748132;0.138500838;0.151257837;0.121383856;0.017519646;0.220957925
0.176470588;0;0.159090909;0;0;0.143770214;0;0;0.019822006;0.285714286;0;0.819148936;0;0;0;0;0;0;0;0.013528909;0;0;0;0;0;0.13748132;0.140895665;0.152805333;0.121484926;0.017519646;0.220957925
0.176470588;0;0.159090909;0;0;0.143770214;0;0;0.019822006;0.285714286;0;0.819148936;0;0;0;0;0;0;0;0.013528909;0;0;0;0;0;0.13748132;0.143290493;0.154035394;0.121727902;0.017519646;0.220957925
0.176470588;0;0.159090909;0;0;0.143770214;0;0;0.019822006;0.285714286;0;0.819148936;0;0;0;0;0;0;0;0.013528909;0;0;0;0;0;0.13748132;0.14568532;0.155265455;0.128462829;0.017519646;0.220957925
0.176470588;0;0.159090909;0;0;0.162790698;0;0;0.019822006;0.285714286;0;0.819148936;0;0;0;0;0;0;0;0.013528909;0;0;0;0;0;0.149572069;0.153268939;0.164947226;0.133067122;0.017519646;0.233306871
0.176470588;0;0.159090909;0;0;0.162790698;0;0;0.019822006;0.285714286;0;0.819148936;0;0;0;0;0;0;0;0.013528909;0;0;0;0;0;0.149572069;0.155663766;0.164947226;0.133342767;0.017519646;0.233306871
0.176470588;0;0.159090909;0;0;0.162790698;0;0;0.019822006;0.285714286;0;0.819148936;0;0;0;0;0;0;0;0.013528909;0;0;0;0;0;0.149572069;0.156062904;0.164947226;0.133675582;0.017519646;0.233306871
0.176470588;0;0.159090909;0;0;0.162790698;0;0;0.019822006;0.285714286;0;0.819148936;0;0;0;0;0;0;0;0.013528909;0;0;0;0;0;0.151881538;0.15686118;0.16601857;0.133675582;0.017519646;0.237981829
0.176470588;0;0.159090909;0;0;0.168566148;0;0;0.019822006;0.285714286;0;0.819148936;0;0;0;0;0;0;0;0.013528909;0;0;0;0;0;0.159353349;0.162848248;0.172962463;0.141156792;0.017519646;0.248213813
0.176470588;0;0.159090909;0;0;0.175496689;0;0;0.019822006;0.285714286;0;0.819148936;0;0;0;0;0;0;0;0.013528909;0;0;0;0;0;0.173889417;0.167238764;0.180699944;0.148654337;0.017519646;0.270530123
0.176470588;0;0.159090909;0;0;0.175496689;0;0;0.019822006;0.285714286;0;0.819148936;0;0;0;0;0;0;0;0.013528909;0;0;0;0;0;0.173889417;0.16803704;0.181096738;0.148842184;0.017519646;0.270530123
0.176470588;0;0.159090909;0;0;0.175496689;0;0;0.019822006;0.285714286;0;0.819148936;0;0;0;0;0;0;0;0.013528909;0;0;0;0;0;0.173889417;0.168436178;0.181255456;0.148968776;0.017519646;0.270530123
0.176470588;0;0.159090909;0;0;0.175496689;0;0;0.019822006;0.285714286;0;0.819148936;0;0;0;0;0;0;0;0.013528909;0;0;0;0;0;0.173889417;0.168835316;0.181414173;0.149095369;0.017519646;0.270530123
0.176470588;0;0.159090909;0;0;0.194671184;0;0;0.019822006;0.285714286;0;0.819148936;0;0;0;0;0.9;0;0;0.013528909;0;0;0;0;0;0.183127292;0.185599106;0.194548052;0.155638365;0.017519646;0.277322043
0.176470588;0;0.159090909;0;0;0.194671184;0;0;0.019822006;0.285714286;0;0.819148936;0;0;0;0;0.9;0;0;0.013528909;0;0;0;0;0;0.185980166;0.186397382;0.198754067;0.155938512;0.017519646;0.281997001
0.176470588;0;0.159090909;0;0;0.203757893;0;0;0.019822006;0.285714286;0;0.819148936;0;0;0;0;0.9;0;0;0.013528909;0;0;0;0;0;0.187610379;0.197573242;0.213752877;0.165621819;0.017519646;0.287024786
0.336134454;0;0.159090909;0;0;0.205298013;0;0;0.019822006;0.285714286;0;0.819148936;0;0;0;0;0.9;0;0;0.013528909;0;0;0;0;0;0.187610379;0.198371518;0.213990953;0.166065914;0.017519646;0.287024786
0.336134454;0;0.159090909;0;0;0.224318497;0;0;0.019822006;0.285714286;0;0.819148936;0;0;0;0;0.9;0;0;0.013528909;0;0;0;0;0;0.201467192;0.206354275;0.227045473;0.171887128;0.017519646;0.298138837
0.336134454;0;0.159090909;0;0;0.224318497;0;0;0.019822006;0.285714286;0;0.819148936;0;0;0;0;0.9;0;0;0.013528909;0;0;0;0;0;0.201467192;0.208749102;0.227045473;0.172162773;0.017519646;0.298138837
0.336134454;0;0.159090909;0;0;0.224318497;0;0;0.019822006;0.285714286;0;0.819148936;0;0;0;0;0.9;0;0;0.013528909;0;0;0;0;0;0.201467192;0.20914824;0.227045473;0.172640558;0.017519646;0.298138837
0.336134454;0;0.159090909;0;0;0.224318497;0;0;0.019822006;0.285714286;0;0.819148936;0;0;0;0;0.9;0;0;0.013528909;0;0;0;0;0;0.203776661;0.209946516;0.228116816;0.172640558;0.017519646;0.302813796
0.336134454;0;0.159090909;0;0;0.224318497;0;0;0.042475728;0.285714286;0;0.819148936;0;0;0;0;0.9;0;0;0.013528909;0;0;0;0;0;0.211656025;0.216332721;0.231053091;0.180306552;0.017519646;0.310399577
0.336134454;0;0.159090909;0;0;0.224318497;0;0;0.228559871;0.285714286;0;0.819148936;0;0;0;0;0.9;0;0;0.013528909;0;0;0;0;0;0.228365711;0.244272372;0.23375129;0.193866245;0.017519646;0.312869366
0.336134454;0;0.159090909;0;0;0.225396581;0;0;0.228559871;0.285714286;0;0.819148936;0;0;0;0;0.9;0;0;0.013528909;0;0;0;0;0;0.228365711;0.24467151;0.234068725;0.194899403;0.02864863;0.312869366
0.336134454;0;0.159090909;0;1;0.232635146;0;0;0.228559871;0.285714286;0;0.819148936;0;0;0;0;0.9;0;0;0.013528909;0;0;0;0;0;0.240728162;0.252654267;0.253432267;0.20361387;0.037979482;0.323542383
0.336134454;0;0.159090909;0;1;0.232635146;0;0;0.228559871;0.285714286;0;0.819148936;0;0;0;0;0.9;0;0;0.013528909;0;0;0;0;0;0.243581035;0.253452543;0.257638283;0.203914016;0.037979482;0.328217341
0.336134454;0;0.159090909;0;1;0.232635146;0;0;0.305420712;0.285714286;0;0.819148936;0;0;0;0;0.9;0;0;0.013528909;0;0;0;0;0;0.247249015;0.258641335;0.260217443;0.209867949;0.037979482;0.328217341
0.336134454;0;0.159090909;0;1;0.26551671;0;0;0.305420712;0.285714286;0;0.819148936;0;0;0;0;0.9;0;0;0.013528909;0;0;0;0;0;0.261649232;0.28378702;0.277120863;0.220555829;0.037979482;0.335009262
0.336134454;0;0.159090909;0;1;0.26551671;0;0;0.305420712;0.285714286;0;0.819148936;0;0;0;0;0.9;0;0;0.013528909;0;0;0;0;0;0.261649232;0.284585296;0.277398619;0.220642606;0.037979482;0.335009262
0.336134454;0;0.159090909;0;1;0.26551671;0;0;0.305420712;0.285714286;0;0.819148936;0;0;0;0;0.9;0;0;0.013528909;0;0;0;0;0;0.261649232;0.286980123;0.277398619;0.220918251;0.037979482;0.335009262
0.336134454;0;0.159090909;0;1;0.26551671;0;0;0.305420712;0.285714286;0;0.819148936;0;0;0;0;0.9;0;0;0.013528909;0;0;0;0;0;0.261649232;0.287379261;0.277398619;0.22134499;0.037979482;0.335009262
0.336134454;0;0.159090909;0;1;0.26551671;0;0;0.305420712;0.285714286;0;0.819148936;0;0;0;0;0.9;0;0;0.013528909;0;0;0;0;0;0.263958701;0.288177537;0.278469963;0.22134499;0.037979482;0.33968422
0.336134454;0;0.159090909;0;1;0.26551671;0;0;0.305420712;0.285714286;0;0.819148936;0;0;0;0;0.9;0;0;0.013528909;0;0;0;0;0;0.264366255;0.288177537;0.278469963;0.222603769;0.037979482;0.342859663
0.336134454;0;0.159090909;0;1;0.26551671;0;0;0.305420712;0.285714286;0;0.819148936;0;0;0;0;0.9;0;0;0.013528909;0;0;0;0;0;0.265860617;0.288177537;0.2799381;0.224433236;0.037979482;0.346123313
0.336134454;0;0.159090909;0;1;0.26551671;0;0;0.305420712;0.285714286;0;0.819148936;0;0;0;0;0.9;0;0;0.013528909;0;0;0;0;0;0.267626681;0.288177537;0.28124752;0.224433236;0.037979482;0.350357237
0.336134454;0;0.159090909;0;1;0.276143539;0;0;0.324029126;0.285714286;0;0.819148936;0;0;0;0;0.9;0;0;0.013528909;0;0;0;0;0;0.279174025;0.298155983;0.293230696;0.234414648;0.037979482;0.356884537
0.336134454;0;0.159090909;0;1;0.276143539;0;0;0.324029126;0.285714286;0;0.819148936;0;0;0;0;0.9;0;0;0.013528909;0;0;0;0;0;0.281891047;0.298954259;0.294421078;0.235551939;0.037979482;0.362617977
0.336134454;0;0.159090909;0;1;0.312413368;0;0;0.324029126;0.285714286;0;0.819148936;0;0;0;0;0.9;0;0;0.013528909;0;0;0;0;0;0.303355522;0.312924084;0.319974605;0.242690124;0.037979482;0.372056099
0.336134454;0;0.159090909;0;1;0.312413368;0;0;0.324029126;0.285714286;0;0.819148936;0;0;0;0;0.9;0;0;0.013528909;0;0;0;0;0;0.306208396;0.31372236;0.324180621;0.242990271;0.037979482;0.376731058
0.336134454;0;0.159090909;0;1;0.318265825;0;0;0.324029126;0.285714286;0;0.819148936;0;0;0;0;0.9;0;0;0.013528909;0;0;0;0;0;0.313000951;0.316516325;0.326085231;0.243696739;0.037979482;0.393843168
0.336134454;0;0.159090909;0;1;0.318265825;0;0;0.324029126;0.285714286;0;0.819148936;0;0;0;0;0.9;0;0;0.013528909;0;0;0;0;0;0.315989675;0.316516325;0.326958178;0.245097424;0.037979482;0.399753021
0.336134454;0;0.159090909;0;1;0.3320499;0;0;0.324029126;0.285714286;0;0.819148936;0;0;0;0;0.9;0;0;0.013528909;0;0;0;0;0;0.319521804;0.32489822;0.333227522;0.247993738;0.037979482;0.40848549
0.336134454;0;0.159090909;0;1;0.3320499;0;0;0.324029126;0.285714286;0;0.819148936;0;0;0;0;0.9;0;0;0.013528909;0;0;0;0;0;0.319521804;0.325297358;0.333227522;0.248454167;0.037979482;0.40848549
0.336134454;0;0.159090909;0;1;0.3320499;0;0;0.324029126;0.285714286;0;0.819148936;0;0;0;0;0.9;0;0;0.013528909;0;0;0;0;0;0.319521804;0.328490461;0.333862392;0.248914597;0.037979482;0.40848549
0.336134454;0;0.159090909;0;1;0.3320499;0;0;0.324029126;0.285714286;0;0.819148936;0;0;0;0;0.9;0;0;0.013528909;0;0;0;0;0;0.319521804;0.328490461;0.333862392;0.278497432;0.037979482;0.40848549
0.336134454;0;0.159090909;0;1;0.3320499;0;0;0.324029126;0.285714286;0;0.819148936;0;0;0;0;0.9;0;0;0.013528909;0;0;0;0;0;0.321831273;0.329288736;0.335132132;0.278497432;0.037979482;0.412984035
0.336134454;0;0.159090909;0;1;0.3320499;0;0;0.324029126;0.285714286;0;0.819148936;0;0;0;0;0.9;0;0;0.013528909;0;0;0;0;0;0.325906806;0.329288736;0.336401873;0.278497432;0.037979482;0.417747199
0.336134454;0;0.159090909;0;1;0.3320499;0;0;0.324029126;0.285714286;0;0.819148936;0;0;0;0;0.9;0;0;0.013528909;0;0;0;0;0;0.326721913;0.329288736;0.336401873;0.278497432;0.037979482;0.420746229
0.336134454;0;0.159090909;0;1;0.339057446;0;0;0.324029126;0.285714286;0;0.819148936;0;0;0;0;0.9;0;0;0.013528909;0;0;0;0;0;0.336503193;0.336872356;0.342671217;0.282009354;0.037979482;0.420746229
0.336134454;0;0.215909091;0;1;0.343138765;0;0;0.324029126;0.285714286;0;0.819148936;0;0.05982906;0;0;0.9;0;0;0.013528909;0;0;0;0;0;0.336503193;0.34166201;0.344853583;0.284822975;0.037979482;0.420746229
0.336134454;0;0.215909091;0;1;0.347220083;0;0;0.324029126;0.285714286;0;0.819148936;0;0.094017094;0;0;0.9;0;0;0.013528909;0;0;0;0;0;0.337725852;0.348447354;0.350170621;0.286271643;0.037979482;0.420746229
0.336134454;0;0.215909091;0;1;0.347220083;0;0;0.324029126;0.285714286;0;0.819148936;0;0.094017094;0;0;0.9;0;0;0.013528909;0;0;0;0;0;0.337725852;0.349644767;0.350488057;0.286672859;0.037979482;0.420746229
0.336134454;0;0.215909091;0;1;0.347220083;0;0;0.324029126;0.285714286;0;0.819148936;0;0.094017094;0;0;0.9;0;0;0.013528909;0;0;0;0;0;0.337725852;0.350443043;0.350765812;0.286834163;0.037979482;0.420746229
0.336134454;0;0.215909091;0;1;0.367626675;0;0;0.324029126;0.285714286;0;0.819148936;0;0.094017094;0;0;0.9;0;0;0.013528909;0;0;0;0;0;0.350360005;0.361618903;0.367708912;0.295798751;0.037979482;0.436094205
0.336134454;0;0.215909091;0;1;0.367626675;0;0;0.324029126;0.285714286;0;0.819148936;0;0.094017094;0;0;0.9;0;0;0.013528909;0;0;0;0;0;0.353212879;0.362417179;0.372113324;0.296098898;0.037979482;0.440592749
0.336134454;0;0.215909091;0;1;0.367626675;0;0;0.324029126;0.285714286;0;0.819148936;0;0.094017094;0;0;0.9;0;0;0.013528909;0;0;0;0;0;0.357831816;0.363215455;0.37306563;0.296941147;0.037979482;0.440592749
0.336134454;0;0.25;0;1;0.370167873;0;0;0.324029126;0.285714286;0;0.819148936;0;0.094017094;0;0;0.9;0;0;0.013528909;0;0;0;0;0;0.357831816;0.364812006;0.374652805;0.297848734;0.037979482;0.440592749
0.336134454;0;0.25;0;1;0.372401047;0;0;0.333333333;0.285714286;0;0.819148936;0;0.094017094;0.538461538;0;0.9;0;0;0.013528909;0;0;0;0;0;0.363945116;0.368404247;0.374652805;0.304182444;0.039826213;0.440592749
0.336134454;0;0.25;0;1;0.372401047;0;0;0.333333333;0.285714286;0;0.819148936;0;0.094017094;0.538461538;0;0.9;0;0;0.013528909;0;0;0;0;0;0.363945116;0.371198212;0.375128958;0.327942023;0.101205721;0.440592749
0.336134454;0;0.25;0;1;0.372401047;0;0;0.333333333;0.285714286;0;0.819148936;0;0.094017094;0.538461538;0;0.9;0;0;0.013528909;0;0;0;0;0;0.363945116;0.373593039;0.376359019;0.333546805;0.101205721;0.440592749
0.336134454;0;0.25;0;1;0.372401047;0;0;0.333333333;0.285714286;0;0.819148936;0;0.094017094;0.538461538;0;0.9;0;0;0.013528909;0;0;0;0;0;0.364488521;0.373593039;0.376359019;0.333656042;0.101205721;0.440592749
0.336134454;0;0.25;0;1;0.372401047;0;0;0.333333333;0.285714286;0;0.819148936;0;0.094017094;0.538461538;0;0.9;0;0;0.013528909;0;0;0;0;0;0.364488521;0.374391315;0.376359019;0.333763237;0.101205721;0.440592749
0.336134454;0;0.25;0;1;0.38102572;0;0;0.333333333;0.285714286;0;0.819148936;0;0.094017094;0.538461538;0;0.9;0;0;0.013528909;0;0;0;0;0;0.371416927;0.379580107;0.38278708;0.336392074;0.101205721;0.450207286
0.336134454;0;0.25;0;1;0.38102572;0;0;0.333333333;0.285714286;0;0.819148936;0;0.094017094;0.538461538;0;0.9;0;0;0.013528909;0;0;0;0;0;0.371416927;0.380777521;0.383025157;0.363416516;0.101205721;0.450207286
0.336134454;0;0.25;0;1;0.38102572;0;0;0.333333333;0.285714286;0;0.819148936;0;0.094017094;0.538461538;0;0.9;0;0;0.013528909;0;0;0;0;0;0.371416927;0.380777521;0.383025157;0.379099696;0.101205721;0.450207286
0.336134454;0;0.25;0;1;0.38102572;0;0;0.333333333;0.285714286;0;0.819148936;0;0.094017094;0.538461538;0;0.9;0;0;0.013528909;0;0;0;0;0;0.373726396;0.381575796;0.384294897;0.379099696;0.101205721;0.45470583
0.336134454;0;0.25;0;1;0.38102572;0;0;0.333333333;0.285714286;0;0.819148936;0;0.094017094;0.538461538;0;0.9;0;0;0.013528909;0;0;0;0;0;0.375900014;0.381575796;0.385485279;0.379099696;0.101205721;0.45470583
0.336134454;0;0.25;0;1;0.38102572;0;0;0.333333333;0.285714286;0;0.819148936;0;0.094017094;0.538461538;0;0.9;0;0;0.013528909;0;0;0;0;0;0.375900014;0.381575796;0.385485279;0.379179327;0.101205721;0.45470583
0.336134454;0;0.25;0;1;0.386262128;0;0;0.333333333;0.285714286;0;0.819148936;0;0.094017094;0.538461538;0;0.9;0;0;0.013528909;0;0;0;0;0;0.382013313;0.384768899;0.390484882;0.38111701;0.101205721;0.46043927
0.336134454;0;0.329545455;0;1;0.391498537;0;0.033333333;0.350323625;0.285714286;0;0.819148936;0;0.136752137;0.538461538;0;0.9;0;0;0.013528909;0.059358654;0;0;0;0;0.382556718;0.390356829;0.394571859;0.383321149;0.101205721;0.46043927
0.336134454;0;0.329545455;0;1;0.391498537;0;0.033333333;0.350323625;0.285714286;0;0.819148936;0;0.136752137;0.538461538;0;0.9;0;0;0.013528909;0.059358654;0;0;0;0;0.382556718;0.391155105;0.394889295;0.383680508;0.101205721;0.46043927
0.336134454;0;0.329545455;0;1;0.391498537;0;0.033333333;0.350323625;0.285714286;0;0.819148936;0;0.136752137;0.538461538;0;0.9;0;0;0.013528909;0.059358654;0;0;0;0;0.382556718;0.391953381;0.39516705;0.383843853;0.101205721;0.46043927
0.336134454;0;0.329545455;0;1;0.409440936;0;0.033333333;0.350323625;0.285714286;0;0.819148936;0;0.136752137;0.538461538;0;0.9;0;0;0.013528909;0.059358654;0;0;0;0;0.393424806;0.40512493;0.409927784;0.389571144;0.101205721;0.472611802
0.336134454;0;0.329545455;0;1;0.409440936;0;0.033333333;0.350323625;0.285714286;0;0.819148936;0;0.136752137;0.538461538;0;0.9;0;0;0.013528909;0.059358654;0;0;0;0;0.395326722;0.407519757;0.41080073;0.393663962;0.101205721;0.476669313
0.336134454;0;0.329545455;0;1;0.409440936;0;0.033333333;0.350323625;0.285714286;0;0.819148936;0;0.136752137;0.538461538;0;0.9;0;0;0.013528909;0.059358654;0;0;0;0;0.398587148;0.408318033;0.411753035;0.394328573;0.101205721;0.478257034
0.336134454;0;0.363636364;0;1;0.411135069;0;0.033333333;0.350323625;0.285714286;0;0.819148936;0;0.136752137;0.538461538;0;0.9;0;0;0.013528909;0.059358654;0;0;0;0;0.398587148;0.409116309;0.412983097;0.397028873;0.101205721;0.478257034
0.336134454;0;0.363636364;0;1;0.411135069;0;0.033333333;0.350323625;0.285714286;0;0.819148936;0;0.136752137;0.538461538;0;0.9;0;0;0.013528909;0.059358654;0;0;0;0;0.40116832;0.409914584;0.413498929;0.398463248;0.101205721;0.479756549
0.336134454;0;0.363636364;0;1;0.412829201;0;0.033333333;0.350323625;0.285714286;0;0.819148936;0;0.136752137;0.538461538;0;0.9;0;0;0.013528909;0.059358654;0;0;0;0;0.402255128;0.41071286;0.414967066;0.398569423;0.101205721;0.479756549
0.336134454;0;0.363636364;0;1;0.412829201;0;0.033333333;0.350323625;0.285714286;0;0.819148936;0;0.136752137;0.538461538;0;0.9;0;0;0.013528909;0.059358654;0;0;0;0;0.402255128;0.412309412;0.415284501;0.411530864;0.132551551;0.479756549
0.336134454;0;0.363636364;0;1;0.426459264;0;0.033333333;0.402508091;0.285714286;0;0.819148936;0;0.136752137;0.538461538;0;0.9;0;0;0.013528909;0.059358654;0;0;0;0;0.418828963;0.417099066;0.423260059;0.414543562;0.132551551;0.490958807
0.336134454;0;0.363636364;0;1;0.426459264;0;0.033333333;0.402508091;0.285714286;0;0.819148936;0;0.136752137;0.538461538;0;0.9;0;0;0.013528909;0.059358654;0;0;0;0;0.421138432;0.417897342;0.424331402;0.414543562;0.132551551;0.495633766
0.336134454;0;0.363636364;0;1;0.426459264;0;0.033333333;0.402508091;0.285714286;0;0.819148936;0;0.136752137;0.538461538;0;0.9;0;0;0.013528909;0.059358654;0;0;0;0;0.429968754;0.432665443;0.428140624;0.436674794;0.132551551;0.510452501
0.336134454;0;0.363636364;0;1;0.426459264;0;0.033333333;0.402508091;0.285714286;0;0.819148936;0;0.136752137;0.538461538;0;0.9;0;0;0.013528909;0.059358654;0;0;0;0;0.429968754;0.43506027;0.428140624;0.436945335;0.132551551;0.510452501
0.336134454;0;0.363636364;0;1;0.426459264;0;0.033333333;0.402508091;0.285714286;0;0.819148936;0;0.136752137;0.538461538;0;0.9;0;0;0.013528909;0.059358654;0;0;0;0;0.429968754;0.435459408;0.428140624;0.437183206;0.132551551;0.510452501
0.336134454;0;0.363636364;0;1;0.438395195;0;0.033333333;0.402508091;0.285714286;0;0.819148936;0;0.136752137;0.538461538;0;0.9;0;0;0.013528909;0.059358654;0;0;0;0;0.440293438;0.444240441;0.435005158;0.439911071;0.132551551;0.53303343
0.336134454;0;0.363636364;0;1;0.442245495;0;0.033333333;0.402508091;0.285714286;0;0.819148936;0;0.136752137;0.538461538;0;0.9;0;0;0.013528909;0.059358654;0;0;0;0;0.443146312;0.445836992;0.438060471;0.442848222;0.132551551;0.538237629
0.336134454;0;0.363636364;0;1;0.461574003;0;0.033333333;0.402508091;0.285714286;0;0.819148936;0;0.136752137;0.538461538;0;0.9;0;0;0.013528909;0.059358654;0;0;0;0;0.454150251;0.453021474;0.448813586;0.446139627;0.132551551;0.544412102
0.336134454;0;0.363636364;0;1;0.461574003;0;0.033333333;0.402508091;0.285714286;0;0.819148936;0;0.136752137;0.538461538;0;0.9;0;0;0.013528909;0.059358654;0;0;0;0;0.45645972;0.453819749;0.44988493;0.446139627;0.132551551;0.54908706
0.336134454;0;0.363636364;0;1;0.461574003;0;0.033333333;0.402508091;0.285714286;0;0.819148936;0;0.136752137;0.538461538;0;0.9;0;0;0.013528909;0.059358654;0;0;0;0;0.45890504;0.453819749;0.450876915;0.446139627;0.132551551;0.552262503
0.336134454;0;0.363636364;0;1;0.461574003;0;0.033333333;0.402508091;0.285714286;0;0.819148936;0;0.136752137;0.538461538;0;0.9;0;0;0.013528909;0.059358654;0;0;0;0;0.459312593;0.453819749;0.450876915;0.446139627;0.132551551;0.555702567
0.336134454;0;0.363636364;0;1;0.461574003;0;0.033333333;0.402508091;0.285714286;0;0.819148936;0;0.136752137;0.538461538;0;0.9;0;0;0.013528909;0.059358654;0;0;0;0;0.459312593;0.454218887;0.450995953;0.44629991;0.132551551;0.555702567
0.336134454;0;0.363636364;0;1;0.461574003;0;0.033333333;0.402508091;0.285714286;0;0.819148936;0;0.136752137;0.538461538;0;0.9;0;0;0.013528909;0.059358654;0;0;0;0;0.459312593;0.454618025;0.451114991;0.446461213;0.132551551;0.555702567
0.336134454;0;0.363636364;0;1;0.461574003;0;0.033333333;0.402508091;0.285714286;0;0.819148936;0;0.136752137;0.538461538;0;0.9;0;0;0.013528909;0.059358654;0;0;0;0;0.459312593;0.457012852;0.451114991;0.446736858;0.132551551;0.555702567
0.336134454;0;0.363636364;0;1;0.461574003;0;0.033333333;0.402508091;0.285714286;0;0.819148936;0;0.136752137;0.538461538;0;0.9;0;0;0.013528909;0.059358654;0;0;0;0;0.459312593;0.45741199;0.451114991;0.44697473;0.132551551;0.555702567
0.336134454;0;0.363636364;0;1;0.467041429;0;0.033333333;0.402508091;0.285714286;0;0.819148936;0;0.136752137;0.538461538;0;0.9;0;0;0.013528909;0.059358654;0;0;0;0;0.47724494;0.461403369;0.464526625;0.449567835;0.132551551;0.582605628
0.336134454;0;0.363636364;0;1;0.478438318;0;0.033333333;0.402508091;0.285714286;0;0.819148936;0;0.136752137;0.538461538;0;0.9;0;0;0.013528909;0.059358654;0;0;0;0;0.478331748;0.466991299;0.46678835;0.451188015;0.132551551;0.582605628
0.336134454;0;0.363636364;0;1;0.479978438;0;0.033333333;0.402508091;0.285714286;0;0.819148936;0;0.136752137;0.538461538;0;0.9;0;0;0.013528909;0.059358654;0;0;0;0;0.479418557;0.468188712;0.467978732;0.452671393;0.133134729;0.582605628
0.336134454;0;0.363636364;0;1;0.479978438;0;0.033333333;0.402508091;0.285714286;0;0.819148936;0;0.136752137;0.538461538;0;0.9;0;0;0.013528909;0.059358654;0;0;0;0;0.479418557;0.469785264;0.468375526;0.452766338;0.133134729;0.582605628
0.336134454;0;0.363636364;0;1;0.488372093;0;0.033333333;0.402508091;0.285714286;0;0.819148936;0;0.136752137;0.538461538;0;0.9;0;0;0.013528909;0.059358654;0;0;0;0;0.48349409;0.47617147;0.473137053;0.455417634;0.133134729;0.59124989
0.336134454;0;0.363636364;0;1;0.488372093;0;0.033333333;0.402508091;0.285714286;0;0.819148936;0;0.136752137;0.538461538;0;0.9;0;0;0.013528909;0.059358654;0;0;0;0;0.48349409;0.477368883;0.473375129;0.482893317;0.133134729;0.59124989
0.336134454;0;0.363636364;0;1;0.488372093;0;0.033333333;0.402508091;0.285714286;0;0.819148936;0;0.136752137;0.538461538;0;0.9;0;0;0.013528909;0.059358654;0;0;0;0;0.48349409;0.477368883;0.473375129;0.502297705;0.133134729;0.59124989
0.336134454;0;0.363636364;0;1;0.488372093;0;0.033333333;0.402508091;0.285714286;0;0.819148936;0;0.136752137;0.538461538;0;0.9;0;0;0.013528909;0.059358654;0;0;0;0;0.485803559;0.478167159;0.474644869;0.502297705;0.133134729;0.595748434
0.336134454;0;0.363636364;0;1;0.488372093;0;0.033333333;0.402508091;0.285714286;0;0.819148936;0;0.136752137;0.538461538;0;0.9;0;0;0.013528909;0.059358654;0;0;0;0;0.488792284;0.478167159;0.47591461;0.502297705;0.133134729;0.598218224
0.336134454;0;0.363636364;0;1;0.488372093;0;0.033333333;0.402508091;0.285714286;0;0.819148936;0;0.136752137;0.538461538;0;0.9;0;0;0.013528909;0.059358654;0;0;0;0;0.48960739;0.478167159;0.47591461;0.502297705;0.133134729;0.600688013
0.336134454;0;0.363636364;0;1;0.493608501;0;0.033333333;0.402508091;0.285714286;0;0.819148936;0;0.136752137;0.538461538;0;0.9;0;0;0.013528909;0.059358654;0;0;0;0;0.493818775;0.483355951;0.480041267;0.5048122;0.133134729;0.608009174
0.336134454;0;0.443181818;0;1;0.49884491;0;0.033333333;0.402508091;0.285714286;0;0.819148936;0;0.136752137;0.538461538;0;0.9;0;0;0.013528909;0.059358654;0;0;0;0;0.49449803;0.486948192;0.483294977;0.507296068;0.133134729;0.609508688
0.336134454;0;0.443181818;0;1;0.501309102;0;0.033333333;0.40776699;0.285714286;0;0.819148936;0;0.170940171;0.538461538;0;0.9;0;0;0.013528909;0.059358654;0;0;0;0;0.494633881;0.489343019;0.484286961;0.507423682;0.133134729;0.609949722
0.336134454;0;0.443181818;0;1;0.501309102;0;0.033333333;0.40776699;0.285714286;0;0.819148936;0;0.170940171;0.538461538;0;0.9;0;0;0.013528909;0.059358654;0;0;0;0;0.494633881;0.490141295;0.484604396;0.50779325;0.135321647;0.609949722
0.336134454;0;0.443181818;0;1;0.501309102;0;0.033333333;0.40776699;0.285714286;0;0.819148936;0;0.170940171;0.538461538;0;0.9;0;0;0.013528909;0.059358654;0;0;0;0;0.494633881;0.490939571;0.484882152;0.507947407;0.135321647;0.609949722
0.336134454;0;0.443181818;0;1;0.519251502;0;0.033333333;0.40776699;0.285714286;0;0.819148936;0;0.170940171;0.538461538;0;0.9;0;0;0.013528909;0.059358654;0;0;0;0;0.502920799;0.508501636;0.500991985;0.512328121;0.135321647;0.609949722
0.336134454;0;0.443181818;0;1;0.519251502;0;0.033333333;0.40776699;0.285714286;0;0.819148936;0;0.170940171;0.538461538;0;0.9;0;0;0.013528909;0.059358654;0;0;0;0;0.506452928;0.509299912;0.505396397;0.512628268;0.135321647;0.612948752
0.336134454;0;0.443181818;0;1;0.519251502;0;0.033333333;0.40776699;0.285714286;0;0.819148936;0;0.170940171;0.538461538;0;0.9;0;0;0.013528909;0.059358654;0;0;0;0;0.511071865;0.509299912;0.506904214;0.513432743;0.135321647;0.612948752
0.336134454;0;0.465909091;0;1;0.520945634;0;0.033333333;0.40776699;0.285714286;0;0.819148936;0;0.170940171;0.538461538;0;0.9;0;0;0.013528909;0.059358654;0;0;0;0;0.511071865;0.510497326;0.507975557;0.514255595;0.135321647;0.612948752
0.336134454;0;0.465909091;0;1;0.520945634;0;0.033333333;0.40776699;0.285714286;0;0.819148936;0;0.170940171;0.538461538;0;0.9;0;0;0.013528909;0.059358654;0;0;0;0;0.513653036;0.511295602;0.50849139;0.515092739;0.135321647;0.614448267
0.336134454;0;0.465909091;0;1;0.522639766;0;0.033333333;0.40776699;0.285714286;0;0.819148936;0;0.170940171;0.538461538;0;0.9;0;0;0.013528909;0.059358654;0;0;0;0;0.514739845;0.512093877;0.509959527;0.515198913;0.135321647;0.614448267
0.336134454;0;0.465909091;0;1;0.52333282;0;0.033333333;0.40776699;0.285714286;0;0.819148936;0;0.170940171;0.538461538;0;0.9;0;0;0.013528909;0.059358654;0;0;0;0;0.517185165;0.512493015;0.509959527;0.521026253;0.140959037;0.614448267
0.336134454;0;0.465909091;0;1;0.52333282;0;0.033333333;0.40776699;0.285714286;0;0.819148936;0;0.170940171;0.538461538;0;0.9;0;0;0.013528909;0.059358654;0;0;0;0;0.517185165;0.514089567;0.510276962;0.534805441;0.173738513;0.614448267
0.336134454;0;0.465909091;0;1;0.52333282;0;0.033333333;0.40776699;0.285714286;0;0.819148936;0;0.170940171;0.538461538;0;0.9;0;0;0.013528909;0.059358654;0;0;0;0;0.517185165;0.516484394;0.511507023;0.540410223;0.173738513;0.614448267
0.336134454;0;0.465909091;0;1;0.52333282;0;0.033333333;0.40776699;0.285714286;0;0.819148936;0;0.170940171;0.538461538;0;0.9;0;0;0.013528909;0.059358654;0;0;0;0;0.517728569;0.516484394;0.511507023;0.54051946;0.173738513;0.614448267
0.336134454;0;0.465909091;0;1;0.523871862;0;0.033333333;0.40776699;0.285714286;0;0.819148936;0;0.170940171;0.538461538;0;0.9;0;0;0.013528909;0.083238572;0;0;0;0;0.517728569;0.516883532;0.511507023;0.54239793;0.173738513;0.614448267
0.336134454;0;0.465909091;0;1;0.549514862;0;0.033333333;0.40776699;0.285714286;0;0.819148936;0;0.170940171;0.538461538;0;0.9;0;0;0.013528909;0.083238572;0;0;0;0;0.531992936;0.527261116;0.527418459;0.545974169;0.173738513;0.625297698
0.336134454;0;0.465909091;0;1;0.549514862;0;0.033333333;0.40776699;0.285714286;0;0.819148936;0;0.170940171;0.538461538;0;0.9;0;0;0.013528909;0.083238572;0;0;0;0;0.531992936;0.527660254;0.527656535;0.546199789;0.173738513;0.625297698
0.336134454;0;0.465909091;0;1;0.549514862;0;0.033333333;0.40776699;0.285714286;0;0.819148936;0;0.170940171;0.538461538;0;0.9;0;0;0.013528909;0.083238572;0;0;0;0;0.531992936;0.528059392;0.527894612;0.546461142;0.173738513;0.625297698
0.336134454;0;0.465909091;0;1;0.549514862;0;0.033333333;0.40776699;0.285714286;0;0.819148936;0;0.170940171;0.538461538;0;0.9;0;0;0.013528909;0.083238572;0;0;0;0;0.531992936;0.52845853;0.528132688;0.546716369;0.173738513;0.625297698
0.336134454;0;0.465909091;0;1;0.549514862;0;0.033333333;0.40776699;0.285714286;0;0.819148936;0;0.170940171;0.538461538;0;0.9;0;0;0.013528909;0.083238572;0;0;0;0;0.531992936;0.530853357;0.528132688;0.547099209;0.173738513;0.625297698
0.336134454;0;0.465909091;0;1;0.549514862;0;0.033333333;0.40776699;0.285714286;0;0.819148936;0;0.170940171;0.538461538;0;0.9;0;0;0.013528909;0.083238572;0;0;0;0;0.531992936;0.531252495;0.528132688;0.54733708;0.173738513;0.625297698
0.336134454;0;0.465909091;0;1;0.549514862;0;0.033333333;0.40776699;0.285714286;0;0.819148936;0;0.170940171;0.538461538;0;0.9;0;0;0.013528909;0.083238572;0;0;0;0;0.532128787;0.531252495;0.528132688;0.547421816;0.173738513;0.625562318
0.336134454;0;0.465909091;0;1;0.549514862;0;0.033333333;0.437297735;0.285714286;0;0.819148936;0;0.170940171;0.538461538;0;0.9;0;0;0.013528909;0.083238572;0;0;0;0;0.534302405;0.533647322;0.530434093;0.547421816;0.173738513;0.625562318
0.336134454;0;0.465909091;0;1;0.549514862;0;0.033333333;0.437297735;0.285714286;0;0.819148936;0;0.170940171;0.538461538;0;0.9;0;0;0.013528909;0.083238572;0;0;0;0;0.534438256;0.533647322;0.530434093;0.547947583;0.173738513;0.626267972
0.336134454;0;0.465909091;0;1;0.549514862;0;0.033333333;0.437297735;0.285714286;0;0.819148936;0;0.170940171;0.538461538;0;0.9;0;0;0.013528909;0.083238572;0;0;0;0;0.534574107;0.533647322;0.530434093;0.548453953;0.173738513;0.626973626
0.336134454;0;0.465909091;0;1;0.567842292;0;0.033333333;0.437297735;0.285714286;0;0.819148936;0;0.170940171;0.538461538;0;0.9;0;0.327777778;0.013528909;0.083238572;0;0;0;0;0.546664855;0.540033528;0.539917467;0.551344142;0.173738513;0.63747023
0.336134454;0;0.465909091;0;1;0.567842292;0;0.033333333;0.466828479;0.285714286;0;0.819148936;0;0.170940171;0.538461538;0;0.9;0;0.327777778;0.013528909;0.083238572;0;0;0;0;0.549381877;0.542428355;0.545353543;0.551644289;0.173738513;0.63747023
0.336134454;0;0.488636364;0;1;0.572616664;0;0.033333333;0.488268608;0.285714286;0;1;0;0.170940171;0.538461538;0;0.9;0;0.327777778;0.013528909;0.083238572;0;0;0;0;0.552778155;0.544424044;0.547178795;0.554144491;0.173738513;0.63747023
0.336134454;0;0.488636364;0;1;0.572616664;0;0.033333333;0.488268608;0.285714286;0;1;0;0.170940171;0.538461538;0;0.9;0;0.327777778;0.013528909;0.083238572;0;0;0;0;0.552778155;0.546818871;0.548408856;0.559749273;0.173738513;0.63747023
0.336134454;0;0.488636364;0;1;0.572616664;0;0.033333333;0.488268608;0.285714286;0;1;0;0.170940171;0.538461538;0;0.9;0;0.327777778;0.013528909;0.083238572;0;0;0;0;0.552914006;0.546818871;0.548408856;0.559989187;0.19094227;0.637911264
0.336134454;0;0.488636364;0;1;0.572616664;0;0.033333333;0.488268608;0.285714286;0;1;0;0.170940171;0.538461538;0;0.9;0;0.327777778;0.013528909;0.083238572;0;0;0;0;0.552914006;0.546818871;0.548408856;0.563438833;0.19094227;0.637911264
0.336134454;0;0.488636364;0;1;0.572616664;0;0.033333333;0.488268608;0.285714286;0;1;0;0.170940171;0.538461538;0;0.9;0;0.327777778;0.013528909;0.083238572;0;0;0;0;0.552914006;0.547218009;0.548408856;0.566291248;0.255164772;0.637911264
0.336134454;0;0.488636364;0;1;0.572616664;0;0.033333333;0.488268608;0.285714286;0;1;0;0.170940171;0.538461538;0;0.9;0;0.327777778;0.013528909;0.083238572;0;0;0;0;0.552914006;0.547218009;0.548408856;0.56786559;0.285886115;0.637911264
0.336134454;0;0.488636364;0;1;0.572616664;0;0.066666667;0.488268608;0.285714286;0;1;0;0.188034188;0.538461538;0;0.9;0;0.327777778;0.013528909;0.083238572;0;0;0;0;0.552914006;0.547617147;0.548408856;0.567938074;0.285886115;0.637911264
0.336134454;0;0.488636364;0;1;0.572616664;0;0.066666667;0.488268608;0.285714286;0;1;0;0.188034188;0.538461538;0;0.9;0;0.327777778;0.013528909;0.083238572;0;0;0;0;0.552914006;0.548016285;0.548408856;0.568364814;0.285886115;0.637911264
0.336134454;0;0.488636364;0;1;0.574387802;0;0.066666667;0.488268608;0.285714286;0;1;0;0.188034188;0.538461538;0;0.9;0;0.327777778;0.013528909;0.083238572;0;0;0;0;0.552914006;0.548814561;0.549004047;0.569875757;0.285886115;0.637911264
0.336134454;0;0.488636364;0;1;0.577545049;0;0.066666667;0.488268608;0.285714286;0;1;0;0.188034188;0.538461538;0;0.9;0;0.327777778;0.013528909;0.083238572;0;0;0;0;0.559570711;0.555999042;0.562177605;0.573858317;0.28656649;0.644614978
0.336134454;0;0.488636364;0;1;0.577545049;0;0.066666667;0.488268608;0.285714286;0;1;0;0.188034188;0.538461538;0;0.9;0;0.327777778;0.013528909;0.083238572;0;0;0;0;0.559570711;0.558393869;0.563407666;0.579463099;0.28656649;0.644614978
0.336134454;0;0.488636364;0;1;0.577545049;0;0.066666667;0.488268608;0.285714286;0;1;0;0.188034188;0.538461538;0;0.9;0;0.327777778;0.013528909;0.083238572;0;0;0;0;0.559570711;0.558952662;0.563407666;0.581563922;0.28656649;0.644614978
0.336134454;0;0.488636364;0;1;0.577545049;0;0.066666667;0.488268608;0.285714286;0;1;0;0.188034188;0.538461538;0;0.9;0;0.327777778;0.013528909;0.083238572;0;0;0;0;0.559706562;0.558952662;0.563407666;0.581803835;0.303770247;0.645056011
0.336134454;0;0.488636364;0;1;0.577545049;0;0.066666667;0.488268608;0.285714286;0;1;0;0.188034188;0.538461538;0;0.9;0;0.327777778;0.013528909;0.083238572;0;0;0;0;0.559706562;0.558952662;0.563407666;0.585126889;0.303770247;0.645056011
0.336134454;0;0.488636364;0;1;0.594948406;0;0.066666667;0.488268608;0.285714286;0;1;0;0.188034188;0.538461538;0;0.9;0;0.327777778;0.013528909;0.083238572;0;0;0;0;0.572340715;0.576913866;0.576343147;0.594152732;0.303770247;0.651847932
0.336134454;0;0.488636364;0;1;0.594948406;0;0.066666667;0.488268608;0.285714286;0;1;0;0.188034188;0.538461538;0;0.9;0;0.327777778;0.013528909;0.083238572;0;0;0;0;0.572340715;0.577313004;0.576343147;0.594725461;0.303770247;0.651847932
0.336134454;0;0.488636364;0;1;0.594948406;0;0.066666667;0.488268608;0.285714286;0;1;0;0.188034188;0.538461538;0;0.9;0;0.327777778;0.013528909;0.083238572;0;0;0;0;0.574650183;0.57811128;0.577414491;0.594725461;0.303770247;0.65652289
0.336134454;0;0.488636364;0;1;0.594948406;0;0.066666667;0.488268608;0.285714286;0;1;0;0.188034188;0.538461538;0;0.9;0;0.327777778;0.013528909;0.083238572;0;0;0;0;0.578997419;0.57811128;0.578684231;0.602015761;0.303770247;0.662609156
0.336134454;0;0.488636364;0;1;0.594948406;0;0.066666667;0.488268608;0.285714286;0;1;0;0.188034188;0.538461538;0;0.9;0;0.327777778;0.013528909;0.083238572;0;0;0;0;0.583072952;0.57811128;0.579953972;0.604198462;0.303770247;0.668695422
0.336134454;0;0.488636364;0;1;0.594948406;0;0.066666667;0.488268608;0.285714286;0;1;0;0.188034188;0.538461538;0;0.9;0;0.327777778;0.013528909;0.083238572;0;0;0;0;0.587012634;0.57811128;0.581223712;0.605647129;0.303770247;0.674693482
0.336134454;0;0.488636364;0;1;0.594948406;0;0.066666667;0.488268608;0.285714286;0;1;0;0.188034188;0.538461538;0;0.9;0;0.327777778;0.013528909;0.083238572;0;0;0;0;0.587012634;0.580506107;0.581223712;0.605922774;0.303770247;0.674693482
0.336134454;0;0.488636364;0;1;0.608886493;0;0.066666667;0.578883495;0.285714286;0;1;0;0.188034188;0.538461538;0;0.9;0;0.327777778;0.013528909;0.083238572;0;0;0;0;0.600326043;0.594475932;0.592532339;0.613632667;0.303770247;0.685983946
0.336134454;0;0.488636364;0;1;0.608886493;0;0.066666667;0.578883495;0.285714286;0;1;0;0.188034188;0.538461538;0;0.9;0;0.327777778;0.013528909;0.083238572;0;0;0;0;0.603178916;0.595274208;0.596738354;0.613932814;0.303770247;0.690658904
0.336134454;0;0.488636364;0;1;0.608886493;0;0.066666667;0.578883495;0.285714286;0;1;0;0.188034188;0.538461538;0;0.9;0;0.327777778;0.013528909;0.083238572;0;0;0;0;0.606982747;0.595274208;0.597928736;0.615148715;0.303770247;0.695598483
0.336134454;0;0.488636364;0;1;0.608886493;0;0.066666667;0.578883495;0.285714286;0;1;0;0.188034188;0.538461538;0;0.9;0;0.327777778;0.013528909;0.083238572;0;0;0;0;0.606982747;0.595274208;0.597928736;0.620370657;0.303770247;0.695598483
0.336134454;0;0.488636364;0;1;0.608886493;0;0.066666667;0.578883495;0.285714286;0;1;0;0.188034188;0.538461538;0;0.9;0;0.327777778;0.013528909;0.083238572;0;0;0;0;0.610786578;0.595274208;0.599833347;0.621560014;0.303770247;0.701596542
0.336134454;0;0.488636364;0;1;0.608886493;0;0.066666667;0.578883495;0.285714286;0;1;0;0.188034188;0.538461538;0;0.9;0;0.327777778;0.013528909;0.083238572;0;0;0;0;0.610786578;0.597669035;0.601063408;0.628896255;0.303770247;0.701596542
0.336134454;0;0.488636364;0;1;0.608886493;0;0.066666667;0.578883495;0.285714286;0;1;0;0.188034188;0.538461538;0;0.9;0;0.327777778;0.013528909;0.084603139;0;0;0;0;0.610786578;0.597669035;0.601063408;0.629002429;0.303770247;0.701596542
0.336134454;0;0.488636364;0;1;0.617511166;0;0.066666667;0.578883495;0.285714286;0;1;0;0.188034188;0.538461538;0;0.9;0;0.327777778;0.013528909;0.084603139;0;0;0;0;0.619752751;0.602857827;0.609197683;0.631256593;0.303770247;0.70874129
0.336134454;0;0.488636364;0;1;0.617511166;0;0.066666667;0.578883495;0.285714286;0;1;0;0.188034188;0.538461538;0;0.9;0;0.327777778;0.013528909;0.084603139;0;0;0;0;0.62206222;0.603656103;0.610467423;0.631256593;0.303770247;0.713239834
0.336134454;0;0.488636364;0;1;0.617511166;0;0.066666667;0.578883495;0.285714286;0;1;0;0.188034188;0.538461538;0;0.9;0;0.327777778;0.013528909;0.084603139;0;0;0;0;0.624643391;0.603656103;0.611657805;0.631256593;0.303770247;0.715974244
0.336134454;0;0.488636364;0;1;0.617511166;0;0.066666667;0.578883495;0.285714286;0;1;0;0.188034188;0.538461538;0;0.9;0;0.327777778;0.013528909;0.084603139;0;0;0;0;0.625050944;0.603656103;0.611657805;0.631256593;0.303770247;0.718708653
0.336134454;0;0.488636364;0;1;0.622670568;0;0.066666667;0.584142395;0.285714286;0;1;0;0.188034188;0.538461538;0;0.9;0;0.327777778;0.013528909;0.084603139;0;0;0;0;0.625050944;0.60605093;0.614157607;0.633262676;0.303770247;0.723383611
0.336134454;0;0.522727273;0;1;0.626212845;0;0.066666667;0.584142395;0.285714286;0;1;0;0.393162393;0.538461538;0;0.9;0;0.327777778;0.013528909;0.084603139;0;0;0.5;0;0.625866051;0.610840584;0.616141576;0.636116113;0.303770247;0.72558878
0.336134454;0;0.522727273;0;1;0.626212845;0;0.066666667;0.584142395;0.285714286;0;1;0;0.393162393;0.538461538;0;0.9;0;0.327777778;0.013528909;0.084603139;0;0;0.5;0;0.625866051;0.61163886;0.616419332;0.636479556;0.305957166;0.72558878
0.336134454;0;0.522727273;0;1;0.626212845;0;0.066666667;0.584142395;0.285714286;0;1;0;0.393162393;0.538461538;0;0.9;0;0.327777778;0.013528909;0.084603139;0;0;0.5;0;0.625866051;0.612437136;0.616697088;0.636636776;0.305957166;0.72558878
0.336134454;0;0.522727273;0;1;0.644925304;0;0.066666667;0.584142395;0.285714286;0;1;0;0.393162393;0.538461538;0;0.9;0;0.327777778;0.013528909;0.084603139;0;0;0.5;0;0.636326586;0.623213858;0.628799302;0.640778597;0.305957166;0.740142895
0.336134454;0;0.522727273;0;1;0.645618358;0;0.066666667;0.584142395;0.285714286;0;1;0;0.393162393;0.538461538;0;0.9;0;0.327777778;0.013528909;0.084603139;0;0;0.5;0;0.637277544;0.623612996;0.628799302;0.645421684;0.309237543;0.742612684
0.336134454;0;0.522727273;0;1;0.645618358;0;0.066666667;0.584142395;0.285714286;0;1;0;0.393162393;0.538461538;0;0.9;0;0.327777778;0.013528909;0.084603139;0;0;0.5;0;0.639179459;0.626007823;0.630664233;0.645421684;0.309237543;0.745611714
0.336134454;0;0.522727273;0;1;0.648005544;0;0.066666667;0.584142395;0.285714286;0;1;0;0.393162393;0.538461538;0;0.9;0;0.327777778;0.013528909;0.084603139;0;0;0.5;0;0.639179459;0.628003512;0.631656218;0.647787127;0.309237543;0.745611714
0.336134454;0;0.522727273;0;1;0.648005544;0;0.066666667;0.584142395;0.285714286;0;1;0;0.393162393;0.538461538;0;0.9;0;0.327777778;0.013528909;0.084603139;0;0;0.5;0;0.641081375;0.628801788;0.63217205;0.648624271;0.309237543;0.748610744
0.336134454;0;0.522727273;0;1;0.649699677;0;0.066666667;0.584142395;0.285714286;0;1;0;0.393162393;0.538461538;0;0.9;0;0.327777778;0.013528909;0.084603139;0;0;0.5;0;0.642168184;0.629600064;0.633640187;0.648730445;0.309237543;0.748610744
0.336134454;0;0.522727273;0;1;0.660557523;0;0.4;0.584142395;0.285714286;0;1;0;0.393162393;0.538461538;0;0.9;0;0.327777778;0.013528909;0.084603139;0;0;0.5;0;0.649639995;0.634389718;0.640306325;0.651360303;0.309237543;0.75522625
0.336134454;0;0.522727273;0;1;0.660557523;0;0.4;0.584142395;0.285714286;0;1;0;0.393162393;0.538461538;0;0.9;0;0.327777778;0.013528909;0.084603139;0;0;0.5;0;0.649639995;0.636784545;0.640306325;0.651635948;0.309237543;0.75522625
0.336134454;0;0.522727273;0;1;0.660557523;0;0.4;0.584142395;0.285714286;0;1;0;0.393162393;0.538461538;0;0.9;0;0.327777778;0.013528909;0.084603139;0;0;0.5;0;0.651949463;0.637582821;0.641377668;0.651635948;0.309237543;0.759901208
0.336134454;0;0.522727273;0;1;0.660557523;0;0.4;0.605177994;0.285714286;0;1;0;0.393162393;0.538461538;0;0.9;0;0.327777778;0.013528909;0.084603139;0;0;0.5;0;0.657111805;0.639977648;0.64320292;0.656717005;0.309237543;0.767045956
0.336134454;0;0.522727273;0;1;0.663098722;0;0.4;0.605177994;0.285714286;0;1;0;0.393162393;0.538461538;0;0.9;0;0.327777778;0.013528909;0.084603139;0;0;0.5;0;0.658198614;0.640376786;0.644671058;0.658385167;0.309237543;0.767045956
0.336134454;0;0.522727273;0;1;0.663098722;0;0.4;0.605177994;0.285714286;0;1;0;0.393162393;0.538461538;0;0.9;0;0.327777778;0.013528909;0.084603139;0;0;0.5;0;0.658198614;0.640775924;0.644988493;0.660433108;0.309237543;0.767045956
0.336134454;0;0.522727273;0;1;0.670568304;0;0.5;0.616100324;0.285714286;0;1;0;0.393162393;0.538461538;0;0.9;0;0.327777778;0.013528909;0.084603139;0;0;0.5;0;0.66621383;0.648758681;0.650424569;0.662839387;0.309237543;0.780012349
0.336134454;0;0.522727273;0;1;0.674880641;0;0.6;0.637540453;0.285714286;0;1;0;0.393162393;0.538461538;0;0.9;0;0.327777778;0.013528909;0.084603139;0;0;0.5;0;0.66988181;0.650355233;0.653916356;0.665760203;0.309237543;0.780012349
0.336134454;0;0.522727273;0;1;0.686585554;0;1;0.637540453;0.285714286;0;1;0;0.393162393;0.538461538;0;0.9;0;0.327777778;0.013528909;0.084603139;0;0;0.5;0;0.678304578;0.654745749;0.661376081;0.668451315;0.309237543;0.786627856
0.336134454;0;0.522727273;0;1;0.686585554;0;1;0.637540453;0.285714286;0;1;0;0.393162393;0.538461538;0;0.9;0;0.327777778;0.013528909;0.084603139;0;0;0.5;0;0.680614047;0.655544025;0.662447425;0.668451315;0.309237543;0.791302814
0.336134454;0;0.522727273;0;1;0.686585554;0;1;0.637540453;0.285714286;0;1;0;0.393162393;0.538461538;0;0.9;0;0.327777778;0.013528909;0.084603139;0;0;0.5;0;0.683874474;0.655544025;0.663717165;0.668451315;0.309237543;0.794478257
0.336134454;0;0.522727273;0;1;0.686585554;0;1;0.637540453;0.285714286;0;1;0;0.393162393;0.538461538;0;0.9;0;0.327777778;0.013528909;0.084603139;0;0;0.5;0;0.683874474;0.655943163;0.663836203;0.668553406;0.309237543;0.794478257
0.336134454;0;0.522727273;0;1;0.686585554;0;1;0.637540453;0.285714286;0;1;0;0.393162393;0.538461538;0;0.9;0;0.327777778;0.013528909;0.084603139;0;0;0.5;0;0.683874474;0.656342301;0.663955242;0.668714709;0.309237543;0.794478257
0.336134454;0;0.522727273;0;1;0.686585554;0;1;0.637540453;0.285714286;0;1;0;0.393162393;0.538461538;0;0.9;0;0.327777778;0.013528909;0.084603139;0;0;0.5;0;0.683874474;0.658737128;0.663955242;0.668990354;0.309237543;0.794478257
0.336134454;0;0.522727273;0;1;0.686585554;0;1;0.637540453;0.285714286;0;1;0;0.393162393;0.538461538;0;0.9;0;0.327777778;0.013528909;0.084603139;0;0;0.5;0;0.683874474;0.659136266;0.663955242;0.669228226;0.309237543;0.794478257
0.336134454;0;0.522727273;0;1;0.690820884;0;1;0.648462783;0.285714286;1;1;0;0.393162393;0.538461538;0;0.9;0;0.327777778;0.013528909;0.084603139;0;0;0.5;0;0.696780329;0.662728506;0.674271883;0.672125561;0.309237543;0.815030431
0.336134454;0;0.522727273;0;1;0.690820884;0;1;0.648462783;0.285714286;1;1;0;0.393162393;0.538461538;0;0.9;0;0.327777778;0.013528909;0.089151694;0;0;0.5;0;0.696780329;0.667518161;0.675224189;0.672797318;0.312299229;0.815030431
0.336134454;0;0.522727273;0;1;0.690820884;0;1;0.648462783;0.285714286;1;1;0;0.393162393;0.538461538;0;0.9;0;0.327777778;0.013528909;0.089151694;0;0;0.5;0;0.697867138;0.667518161;0.675501944;0.673517058;0.312299229;0.817676634
0.336134454;0;0.522727273;0;1;0.716848914;0;1;0.648462783;0.285714286;1;1;0;0.393162393;0.538461538;0;0.9;0.5;0.327777778;0.013528909;0.089151694;0;0;0.5;0;0.720554273;0.677895745;0.690342036;0.677284206;0.312979603;0.83628826
0.336134454;0;0.522727273;0;1;0.717618974;0;1;0.648462783;0.285714286;1;1;0;0.393162393;0.538461538;0;0.9;0.5;0.327777778;0.013528909;0.089151694;0;0;0.5;0;0.720554273;0.678294883;0.691056265;0.67804172;0.312979603;0.83628826
0.336134454;0;0.522727273;0;1;0.718389034;0;1;0.648462783;0.285714286;1;1;0;0.393162393;0.538461538;0;0.9;0.5;0.327777778;0.013528909;0.089151694;0;0;0.5;0;0.720554273;0.678694021;0.69141338;0.678355138;0.312979603;0.83628826
0.336134454;0;0.522727273;0;1;0.718389034;0;1;0.648462783;0.285714286;1;1;0;0.393162393;0.538461538;0;0.9;0.5;0.327777778;0.013528909;0.089151694;0;0;0.5;0;0.720554273;0.681088848;0.69141338;0.678630783;0.312979603;0.83628826
0.336134454;0;0.522727273;0;1;0.718389034;0;1;0.648462783;0.285714286;1;1;0;0.393162393;0.538461538;0;0.9;0.5;0.327777778;0.013528909;0.089151694;0;0;0.5;0;0.720554273;0.681487986;0.69141338;0.679108568;0.312979603;0.83628826
0.336134454;0;0.522727273;0;1;0.718389034;0;1;0.648462783;0.285714286;1;1;0;0.393162393;0.538461538;0;0.9;0.5;0.327777778;0.013528909;0.089151694;0;0;0.5;0;0.722863741;0.682286262;0.692484723;0.679108568;0.312979603;0.840963218
0.336134454;0;0.522727273;0;1;0.727783767;0;1;0.648462783;0.285714286;1;1;0;0.393162393;0.538461538;0;0.9;0.5;0.327777778;0.013528909;0.089151694;0;0;0.5;0;0.72517321;0.686676778;0.703436235;0.69444464;0.312979603;0.840963218
0.336134454;0;0.522727273;0;1;0.727783767;0;1;0.648462783;0.285714286;1;1;0;0.393162393;0.538461538;0;0.9;0.5;0.327777778;0.013528909;0.089151694;0;0;0.5;0;0.727346828;0.686676778;0.70375367;0.69444464;0.312979603;0.846167416
0.336134454;0;0.522727273;0;1;0.727783767;0;1;0.653721683;0.285714286;1;1;0;0.393162393;0.538461538;0;0.9;0.5;0.327777778;0.013528909;0.089151694;0;0;0.5;0;0.728433637;0.686676778;0.704071105;0.695036766;0.312979603;0.846167416
0.336134454;0;0.522727273;0;1;0.727783767;0;1;0.653721683;0.285714286;1;1;0;0.393162393;0.538461538;0;0.9;0.5;0.327777778;0.013528909;0.089151694;0;0;0.5;0;0.73006385;0.689071605;0.705936037;0.697401188;0.312979603;0.846167416
0.336134454;0;0.522727273;0;1;0.73255814;0;1;0.653721683;0.285714286;1;1;0;0.393162393;0.538461538;0;0.9;0.5;0.327777778;0.013528909;0.089151694;0;0;0.5;0;0.735769597;0.689071605;0.707920006;0.709265154;0.312979603;0.856928641
0.336134454;0;0.522727273;0;1;0.73255814;0;1;0.653721683;0.285714286;1;1;0;0.393162393;0.538461538;0;0.9;0.5;0.383333333;0.073056109;0.089151694;0;0;0.5;0;0.736992256;0.691466433;0.709943655;0.710275852;0.312979603;0.856928641
0.336134454;0;0.522727273;0;1;0.744956107;0;1;0.653721683;0.380952381;1;1;0;0.393162393;0.538461538;0;0.9;0.5;0.383333333;0.073056109;0.089151694;0;0;0.5;0;0.748811303;0.697852638;0.717403381;0.715745874;0.315458111;0.87218841
0.336134454;0;0.522727273;0;1;0.744956107;0;1;0.653721683;0.380952381;1;1;0;0.393162393;0.538461538;0;0.9;0.5;0.383333333;0.073056109;0.089151694;0;0;0.5;0;0.751664176;0.698650914;0.721609396;0.716046021;0.315458111;0.876863368
0.336134454;0;0.522727273;0;1;0.744956107;0;1;0.653721683;0.380952381;1;1;0;0.393162393;0.538461538;0;0.9;0.5;0.383333333;0.073056109;0.089151694;0;0;0.5;0;0.756147263;0.702642293;0.723672724;0.716769845;0.315458111;0.881361912
0.336134454;0;0.522727273;0;1;0.749345449;0;1;0.653721683;0.380952381;1;1;0;0.393162393;0.538461538;0;0.9;0.5;0.383333333;0.073056109;0.089151694;0;0;0.5;0;0.757913327;0.707431947;0.728235854;0.718698339;0.315458111;0.881361912
0.336134454;0;0.522727273;0;1;0.749345449;0;1;0.653721683;0.380952381;1;1;0;0.393162393;0.538461538;0;0.9;0.5;0.383333333;0.073056109;0.089151694;0;0;0.5;0;0.757913327;0.709826774;0.729465915;0.72603458;0.315458111;0.881361912
0.441176471;0;0.522727273;0;1;0.750885569;0;1;0.653721683;0.380952381;1;1;0;0.393162393;0.538461538;0;0.9;0.5;0.383333333;0.073056109;0.089151694;0;0;0.5;0;0.757913327;0.71062505;0.729703992;0.726748194;0.315458111;0.881361912
0.441176471;0;0.522727273;0;1;0.752425689;0;1;0.653721683;0.380952381;1;1;0;0.393162393;0.538461538;0;0.9;0.5;0.383333333;0.073056109;0.089151694;0;0;0.5;0;0.757913327;0.711423326;0.729942068;0.726768612;0.315458111;0.881361912
0.441176471;0;0.522727273;0;1;0.752425689;0;1;0.653721683;0.380952381;1;1;0;0.393162393;0.538461538;0;0.9;0.5;0.383333333;0.073056109;0.089151694;0;0;0.5;0;0.757913327;0.711423326;0.729942068;0.735789351;0.513204127;0.881361912
0.441176471;0;0.534090909;0;1;0.752425689;0;1;0.653721683;0.380952381;1;1;1;0.393162393;0.538461538;0;0.9;0.5;0.383333333;0.073056109;0.089151694;0;0;0.5;0;0.757913327;0.711423326;0.729942068;0.736367184;0.513204127;0.881361912
0.441176471;0;0.534090909;0;1;0.752425689;0;1;0.653721683;0.380952381;1;1;1;0.393162393;0.538461538;0;0.9;0.5;0.383333333;0.073056109;0.089151694;0;0;0.5;0;0.757913327;0.711423326;0.729942068;0.736466213;0.513592912;0.881361912
0.441176471;0;0.534090909;0;1;0.773833359;0;1;0.653721683;0.380952381;1;1;1;0.393162393;0.538461538;0;0.9;1;0.383333333;0.073056109;0.089151694;0;0;0.5;0;0.774758864;0.721002634;0.740814221;0.739705552;0.513592912;0.90182588
0.441176471;0;0.534090909;0;1;0.774603419;0;1;0.653721683;0.380952381;1;1;1;0.393162393;0.538461538;0;0.9;1;0.383333333;0.073056109;0.089151694;0;0;0.5;0;0.774758864;0.721401772;0.741171336;0.740003657;0.513592912;0.90182588
0.441176471;0;0.534090909;0;1;0.775373479;0;1;0.653721683;0.380952381;1;1;1;0.393162393;0.538461538;0;0.9;1;0.383333333;0.073056109;0.089151694;0;0;0.5;0;0.774758864;0.72180091;0.741607809;0.740405894;0.513592912;0.90182588
0.441176471;0;0.534090909;0;1;0.775373479;0;1;0.653721683;0.380952381;1;1;1;0.393162393;0.538461538;0;0.9;1;0.383333333;0.073056109;0.089151694;0;0;0.5;0;0.774758864;0.724195737;0.741607809;0.740681539;0.513592912;0.90182588
0.441176471;0;0.534090909;0;1;0.775373479;0;1;0.653721683;0.380952381;1;1;1;0.393162393;0.538461538;0;0.9;1;0.383333333;0.073056109;0.089151694;0;0;0.5;0;0.774758864;0.724594875;0.741607809;0.740919411;0.513592912;0.90182588
0.441176471;0;0.534090909;0;1;0.775373479;0;1;0.653721683;0.380952381;1;1;1;0.393162393;0.538461538;0;0.9;1;0.383333333;0.073056109;0.089151694;0;0;0.5;0;0.777068333;0.725393151;0.742679152;0.740919411;0.513592912;0.906500838
0.441176471;0;0.534090909;0;1;0.775373479;0;1;0.672734628;0.380952381;1;1;1;0.393162393;0.538461538;0;0.9;1;0.383333333;0.073056109;0.089151694;0;0;0.5;0;0.778155142;0.731779357;0.743829855;0.741851499;0.513592912;0.906500838
0.441176471;0;0.534090909;0;1;0.775373479;0;1;0.714401294;0.380952381;1;1;1;0.393162393;0.538461538;0;0.9;1;0.383333333;0.073056109;0.089151694;0;0;0.5;0;0.779785355;0.734174184;0.745655107;0.741851499;0.513592912;0.906500838
0.441176471;0;0.534090909;0;1;0.775373479;0;1;0.724110032;0.380952381;1;1;1;0.393162393;0.538461538;0;0.9;1;0.383333333;0.073056109;0.089151694;0;0;0.5;0;0.780872164;0.734174184;0.745932862;0.742269051;0.513592912;0.906500838
0.441176471;0;0.534090909;0;1;0.775373479;0;1;0.765776699;0.380952381;1;1;1;0.393162393;0.538461538;0;0.9;1;0.383333333;0.073056109;0.089151694;0;0;0.5;0;0.782502377;0.736569011;0.747758114;0.742269051;0.513592912;0.906500838
0.441176471;0;0.534090909;0;1;0.775373479;0;1;0.853559871;0.380952381;1;1;1;0.393162393;0.538461538;0;0.9;1;0.383333333;0.073056109;0.089151694;0;0;0.5;0;0.788615677;0.746547457;0.753392588;0.751100921;0.513592912;0.906500838
0.441176471;0;0.534090909;0;1;0.787771446;0;1;0.874595469;0.380952381;1;1;1;0.393162393;0.538461538;0;0.9;1;0.383333333;0.073056109;0.112804185;0;0;0.5;0;0.803423448;0.751337112;0.760733275;0.754655721;0.513592912;0.91840875
0.441176471;0;0.534090909;0;1;0.787771446;0;1;0.874595469;0.380952381;1;1;1;0.393162393;0.538461538;0;0.9;1;0.383333333;0.073056109;0.112804185;0;0;0.5;0;0.806276321;0.752135388;0.764939291;0.754955868;0.513592912;0.923083708
0.441176471;0;0.534090909;0;1;0.787771446;0;1;0.943365696;0.380952381;1;1;1;0.393162393;0.538461538;0;0.9;1;0.383333333;0.073056109;0.112804185;0;0;0.5;0;0.812389621;0.754131077;0.769105627;0.755823639;0.513592912;0.923083708
0.441176471;0;0.534090909;0;1;0.787771446;0.211538462;1;0.943365696;0.380952381;1;1;1;0.393162393;0.538461538;0;0.9;1;0.383333333;0.073056109;0.112804185;0;0;0.5;0;0.812933025;0.760118145;0.769105627;0.758114555;0.513592912;0.923083708
0.441176471;0;0.534090909;0;1;0.787771446;0.211538462;1;0.943365696;0.380952381;1;1;1;0.393162393;0.538461538;0;0.9;1;0.383333333;0.073056109;0.112804185;0;0;0.5;0;0.812933025;0.762512972;0.770335688;0.763190507;0.513592912;0.923083708
0.521008403;0;0.534090909;0;1;0.789311566;0.211538462;1;0.943365696;0.380952381;1;1;1;0.393162393;0.538461538;0;0.9;1;0.383333333;0.073056109;0.112804185;0;0;0.5;0;0.812933025;0.763311248;0.770573764;0.763634602;0.513592912;0.923083708
0.579831933;0;0.534090909;0;1;0.790851686;0.211538462;1;0.943365696;0.380952381;1;1;1;0.393162393;0.538461538;0;0.9;1;0.383333333;0.073056109;0.112804185;0;0;0.5;0;0.812933025;0.764109523;0.77081184;0.763901059;0.513592912;0.923083708
0.579831933;0;0.534090909;0;1;0.790851686;0.211538462;1;0.943365696;0.380952381;1;1;1;0.393162393;0.538461538;0;0.9;1;0.383333333;0.073056109;0.112804185;0;0;0.5;0;0.812933025;0.764109523;0.77081184;0.768754453;0.622938829;0.923083708
0.579831933;0;0.534090909;0;1;0.790851686;0.211538462;1;0.943365696;0.380952381;1;1;1;0.393162393;0.538461538;0;0.9;1;0.383333333;0.073056109;0.112804185;0;0;0.5;0;0.812933025;0.764109523;0.77081184;0.772508126;0.623266867;0.923083708
0.579831933;0;0.534090909;0;1;0.813106422;0.211538462;1;0.943365696;0.380952381;1;1;1;0.393162393;0.538461538;0;0.9;1;0.383333333;0.073056109;0.112804185;0;0;0.5;0;0.826653987;0.772092281;0.782120467;0.775907748;0.623266867;0.932610038
0.579831933;0;0.534090909;0;1;0.813106422;0.211538462;1;0.943365696;0.380952381;1;1;1;0.393162393;0.538461538;0;0.9;1;0.383333333;0.073056109;0.112804185;0;0;0.5;0;0.826653987;0.772491419;0.782120467;0.776145619;0.623266867;0.932610038
0.579831933;0;0.534090909;0;1;0.813106422;0.211538462;1;0.943365696;0.380952381;1;1;1;0.393162393;0.538461538;0;0.9;1;0.383333333;0.073056109;0.112804185;0;0;0.5;0;0.826653987;0.774487108;0.782437902;0.813596589;0.623266867;0.932610038
0.579831933;0;0.534090909;0;1;0.813106422;0.211538462;1;0.943365696;0.380952381;1;1;1;0.393162393;0.538461538;0;0.9;1;0.383333333;0.073056109;0.112804185;0;0;0.5;0;0.826653987;0.774487108;0.782437902;0.822887868;0.623266867;0.932610038
0.579831933;0;0.534090909;0;1;0.813106422;0.211538462;1;0.943365696;0.380952381;1;1;1;0.393162393;0.538461538;0;0.9;1;0.383333333;0.073056109;0.112804185;0;0;0.5;0;0.828963456;0.775285384;0.783509245;0.822887868;0.623266867;0.937284996
0.579831933;0;0.534090909;0;1;0.813106422;0.211538462;1;0.963592233;0.380952381;1;1;1;0.393162393;0.538461538;0;0.9;1;0.383333333;0.073056109;0.112804185;0;0;0.5;0;0.832767287;0.775285384;0.784421871;0.822887868;0.623266867;0.937284996
0.579831933;0;0.534090909;0;1;0.820190975;0.211538462;1;0.963592233;0.380952381;1;1;1;0.393162393;0.538461538;0;0.9;1;0.383333333;0.189831957;0.112804185;0;0;0.5;0;0.835756011;0.7796759;0.789659551;0.824133375;0.634395852;0.937284996
1;0;0.534090909;0;1;0.822347143;0.211538462;1;0.963592233;0.380952381;1;1;1;0.393162393;0.538461538;0;0.9;1;0.383333333;0.193392196;0.112804185;0;0;0.5;0;0.83684282;0.780474176;0.790810253;0.82501748;0.634395852;0.937284996
1;0;0.534090909;0;1;0.822347143;0.211538462;1;0.963592233;0.380952381;1;1;1;0.393162393;0.538461538;0;0.9;1;0.383333333;0.193392196;0.112804185;0;0;0.5;0;0.83684282;0.782869003;0.790810253;0.825293126;0.634395852;0.937284996
1;0;0.534090909;0;1;0.847682119;0.211538462;1;0.963592233;0.380952381;1;1;1;0.393162393;0.538461538;0;0.9;1;0.383333333;0.193392196;0.112804185;0;0;0.5;0;0.853144953;0.794444001;0.81184033;0.829755512;0.634395852;0.950074976
1;0;0.534090909;0;1;0.847682119;0.211538462;1;0.963592233;0.380952381;1;1;1;0.393162393;0.538461538;0;0.9;1;0.383333333;0.193392196;0.112804185;0;0;0.5;0;0.855997826;0.795242277;0.816046346;0.830055659;0.634395852;0.954749934
1;0;0.534090909;0;1;0.847682119;0.211538462;1;0.963592233;0.380952381;1;1;1;0.393162393;0.538461538;0;0.9;1;0.383333333;0.193392196;0.112804185;0;0;0.5;0;0.855997826;0.797637104;0.817276407;0.835131611;0.634395852;0.954749934
1;0;0.534090909;0;1;0.847682119;0.211538462;1;0.963592233;0.380952381;1;1;1;0.393162393;0.538461538;0;0.9;1;0.383333333;0.193392196;0.112804185;0;0;0.5;0;0.855997826;0.797637104;0.817276407;0.837246931;0.683042635;0.954749934
1;0;0.534090909;0;1;0.866933621;0.211538462;1;0.963592233;0.380952381;1;1;1;0.393162393;0.538461538;0;0.9;1;0.383333333;0.193392196;0.198089607;0;0;0.5;0;0.869039533;0.818791411;0.834497262;0.846955761;0.683042635;0.954749934
1;0;0.534090909;0;1;0.866933621;0.211538462;1;0.963592233;0.380952381;1;1;1;0.393162393;0.538461538;0;0.9;1;0.383333333;0.193392196;0.198089607;0;0;0.5;0;0.869039533;0.819190548;0.834497262;0.847433546;0.683042635;0.954749934
1;0;0.534090909;0;1;0.866933621;0.211538462;1;0.963592233;0.380952381;1;1;1;0.393162393;0.538461538;0;0.9;1;0.383333333;0.193392196;0.198089607;0;0;0.5;0;0.869039533;0.819190548;0.834497262;0.851299722;0.683042635;0.954749934
1;0;0.534090909;0;1;0.866933621;0.211538462;1;0.963592233;0.380952381;1;1;1;0.393162393;0.538461538;0;0.9;1;0.383333333;0.193392196;0.198089607;0;0;0.5;0;0.871349001;0.819988824;0.835568606;0.851299722;0.683042635;0.959424892
1;0;0.534090909;0;1;0.866933621;0.211538462;1;0.963592233;0.380952381;1;1;1;0.393162393;0.538461538;0;0.9;1;0.383333333;0.193392196;0.384352968;0;0;0.5;0;0.873522619;0.819988824;0.836322514;0.852372696;0.683042635;0.959424892
1;0;0.534090909;0;1;0.866933621;0.211538462;1;0.963592233;0.380952381;1;1;1;0.393162393;0.538461538;0;0.9;1;0.383333333;0.193392196;0.384352968;0;0;0.5;0;0.875832088;0.819988824;0.837076423;0.854186849;0.683042635;0.959424892
1;0;0.534090909;0;1;0.870398891;0.211538462;1;0.963592233;0.380952381;1;1;1;0.393162393;0.538461538;0;0.9;1;0.383333333;0.229279408;0.384352968;0;0;0.5;0;0.889960603;0.824379341;0.844099675;0.86117496;0.683042635;0.962600335
1;0;0.534090909;0;1;0.870398891;0.211538462;1;0.963592233;0.380952381;1;1;1;0.393162393;0.538461538;0;0.9;1;0.383333333;0.229279408;0.384352968;0;0;0.5;0;0.894036136;0.824379341;0.845290056;0.863355619;0.683042635;0.968686601
1;0;0.534090909;0;1;0.884336978;0.211538462;1;0.963592233;0.380952381;1;1;1;0.393162393;0.538461538;0.828125;0.9;1;0.383333333;0.229279408;0.384352968;0;0;0.5;0;0.911968483;0.846331923;0.871795889;0.870205908;0.683042635;0.972567699
1;0;0.534090909;0;1;0.884336978;0.211538462;1;0.963592233;0.380952381;1;1;1;0.393162393;0.538461538;0.828125;0.9;1;0.383333333;0.229279408;0.384352968;0;0;0.5;0;0.914821356;0.847130199;0.876001905;0.870506055;0.683042635;0.977242657
1;0;0.534090909;0;1;0.884336978;0.211538462;1;0.963592233;0.380952381;1;1;1;0.393162393;0.538461538;0.828125;0.9;1;0.383333333;0.229279408;0.384352968;0;0;0.5;0;0.917538378;0.847928474;0.877152607;0.871729102;0.685205254;0.982799682
1;0;0.534090909;0;1;0.891883567;0.211538462;1;0.963592233;0.714285714;1;1;1;0.393162393;0.538461538;1;0.9;1;0.383333333;0.229279408;0.384352968;0;0;0.5;0;0.917538378;0.854713818;0.8788985;0.87194043;0.685205254;0.982799682
1;0;0.534090909;0;1;0.892653627;0.211538462;1;0.963592233;0.714285714;1;1;1;0.393162393;0.538461538;1;0.9;1;0.383333333;0.229279408;0.384352968;0;0;0.5;0;0.917538378;0.855112956;0.879295294;0.872285496;0.685205254;0.982799682
1;0;0.534090909;0;1;0.892653627;0.211538462;1;0.963592233;0.714285714;1;1;1;0.393162393;0.538461538;1;0.9;1;0.383333333;0.229279408;0.384352968;0;0;0.5;0;0.917538378;0.857507783;0.880525355;0.879020423;0.685205254;0.982799682
1;0;0.534090909;0;1;0.892653627;0.211538462;1;0.963592233;0.714285714;1;1;1;0.393162393;0.538461538;1;0.9;1;0.383333333;0.229279408;0.384352968;0;0;0.5;0;0.917538378;0.857507783;0.880525355;0.88280799;0.770713762;0.982799682
1;0;0.534090909;0;1;0.904897582;0.211538462;1;0.963592233;0.714285714;1;1;1;0.393162393;0.538461538;1;0.9;1;0.383333333;0.229279408;0.384352968;0;0;0.5;0;0.926504551;0.870280195;0.894492501;0.885599151;0.770713762;0.982799682
1;0;0.534090909;0;1;0.904897582;0.211538462;1;0.963592233;0.714285714;1;1;1;0.393162393;0.538461538;1;0.9;1;0.383333333;0.229279408;0.384352968;0;0;0.5;0;0.92881402;0.871078471;0.895762241;0.885599151;0.770713762;0.987298227
1;0;0.534090909;0;1;0.904897582;0.211538462;1;0.963592233;0.714285714;1;1;1;0.393162393;0.538461538;1;0.9;1;0.383333333;0.229279408;0.384352968;0;0;0.5;0;0.933432957;0.871078471;0.896952623;0.885599151;0.770713762;0.987298227
1;0;0.534090909;0;1;0.904897582;0.211538462;1;0.963592233;0.714285714;1;1;1;0.393162393;0.538461538;1;0.9;1;0.383333333;0.229279408;0.384352968;0;0;0.5;0;0.935606575;0.871078471;0.896952623;0.885599151;0.770713762;0.987298227
1;0;0.534090909;0;1;0.91013399;0.211538462;1;0.963592233;0.714285714;1;1;1;0.393162393;0.538461538;1;0.9;1;0.383333333;0.229279408;0.384352968;0;0;0.5;0;0.941719875;0.878262952;0.901595111;0.891974718;0.770713762;0.987298227
1;0;0.590909091;0;1;0.913676267;0.211538462;1;0.963592233;0.714285714;1;1;1;0.393162393;0.538461538;1;0.9;1;0.383333333;0.229279408;0.384352968;0;0;0.5;0;0.941719875;0.882254331;0.904174272;0.897804099;0.770713762;0.987298227
1;0;0.590909091;0;1;0.913676267;0.211538462;1;0.963592233;0.714285714;1;1;1;0.393162393;0.538461538;1;0.9;1;0.383333333;0.229279408;0.384352968;0;0;0.5;0;0.941719875;0.883052606;0.904491707;0.898289031;0.770713762;0.987298227
1;0;0.590909091;0;1;0.933312798;0.211538462;1;0.963592233;0.714285714;1;1;1;0.393162393;0.538461538;1;0.9;1;0.383333333;0.229279408;0.384352968;0;0;0.5;0;0.953810624;0.900215534;0.923021982;0.902778982;0.770713762;0.987298227
1;0;0.590909091;0;1;0.933312798;0.211538462;1;0.963592233;0.714285714;1;1;1;0.393162393;0.538461538;1;0.9;1;0.383333333;0.229279408;0.384352968;0;0;0.5;0;0.957342752;0.90101381;0.927426395;0.903079128;0.770713762;0.990297257
1;0;0.590909091;0;1;0.933312798;0.211538462;1;0.963592233;0.714285714;1;1;1;0.393162393;0.538461538;1;0.9;1;0.383333333;0.229279408;0.384352968;0;0;0.5;0;0.963048499;0.901812086;0.9283787;0.903786617;0.770713762;0.990297257
1;0;0.613636364;0;1;0.936701063;0.211538462;1;0.963592233;0.714285714;1;1;1;0.393162393;0.538461538;1;0.9;1;0.383333333;0.229279408;0.384352968;0;0;0.5;0;0.963048499;0.903807775;0.930084914;0.904627845;0.770713762;0.990297257
1;0;0.613636364;0;1;0.936701063;0.211538462;1;0.963592233;0.714285714;1;1;1;0.393162393;0.538461538;1;0.9;1;0.383333333;0.229279408;0.384352968;0;0;0.5;0;0.96562967;0.903807775;0.930084914;0.913581204;0.770713762;0.990297257
1;0;0.613636364;0;1;0.936701063;0.211538462;1;0.963592233;0.714285714;1;1;1;0.393162393;0.538461538;1;0.9;1;0.383333333;0.229279408;0.384352968;0;0;0.5;0;0.96562967;0.906202602;0.931314975;0.919185986;0.770713762;0.990297257
1;0;0.613636364;0;1;0.936701063;0.211538462;1;0.963592233;0.714285714;1;1;1;0.393162393;0.538461538;1;0.9;1;0.383333333;0.229279408;0.384352968;0;0;0.5;0;0.966173074;0.906202602;0.931314975;0.919295223;0.770713762;0.990297257
1;0;0.613636364;0;1;0.936701063;0.211538462;1;0.963592233;0.714285714;1;1;1;0.393162393;0.538461538;1;0.9;1;0.383333333;0.229279408;0.384352968;0;0;0.5;0;0.966173074;0.906202602;0.931314975;0.919465714;0.771953015;0.990297257
1;0;0.613636364;0;1;0.941706453;0.211538462;1;0.963592233;0.714285714;1;1;1;0.393162393;0.538461538;1;0.9;1;0.383333333;0.229279408;0.384352968;0;0;0.5;0;0.967667436;0.913786222;0.938576303;0.921377874;0.771953015;0.990297257
1;0;0.613636364;0;1;0.941706453;0.211538462;1;0.963592233;0.714285714;1;1;1;0.393162393;0.538461538;1;0.9;1;0.383333333;0.229279408;0.384352968;0;0;0.5;0;0.967667436;0.91418536;0.938576303;0.92171069;0.771953015;0.990297257
1;0;0.613636364;0;1;0.941706453;0.211538462;1;0.963592233;0.714285714;1;1;1;0.393162393;0.538461538;1;0.9;1;0.383333333;0.229279408;0.384352968;0;0;0.5;0;0.969976905;0.914983635;0.939568288;0.921724982;0.771953015;0.994972215
1;0;0.613636364;0;1;0.941706453;0.211538462;1;0.963592233;0.714285714;1;1;1;0.393162393;0.538461538;1;0.9;1;0.383333333;0.229279408;0.384352968;0;0;0.5;0;0.972150523;0.916580187;0.942266487;0.921724982;0.771953015;0.994972215
1;0;0.613636364;0;1;0.943246573;0.211538462;1;0.968446602;0.714285714;1;1;1;0.393162393;0.538461538;1;0.9;1;0.383333333;0.229279408;0.384352968;0;0;0.5;0;0.972693927;0.917378463;0.943060075;0.921915892;0.771953015;0.994972215
1;0;0.613636364;0;1;0.943246573;0.211538462;1;0.968446602;0.714285714;1;1;1;0.393162393;0.538461538;1;0.9;1;0.383333333;0.229279408;0.384352968;0;0;0.5;0;0.973780736;0.917378463;0.943456869;0.922042485;0.771953015;0.994972215
1;0;0.613636364;0;1;0.943246573;0.211538462;1;0.968446602;0.714285714;1;1;1;0.393162393;0.538461538;1;0.9;1;0.383333333;0.229279408;0.384352968;0;0;0.5;0;0.973780736;0.917378463;0.943456869;0.922490663;0.771953015;0.994972215
1;0;0.613636364;0;1;0.943246573;0.211538462;1;0.968446602;0.714285714;1;1;1;0.393162393;0.538461538;1;0.9;1;0.383333333;0.229279408;0.384352968;0;0;0.5;0;0.973780736;0.91977329;0.943456869;0.922758141;0.771953015;0.994972215
1;0;0.613636364;0;1;0.95063915;0.211538462;1;0.968446602;0.714285714;1;1;1;0.393162393;0.538461538;1;0.9;1;0.383333333;0.229279408;0.384352968;0;0;0.5;0;0.976361907;0.928554323;0.953059281;0.924902046;0.771953015;0.994972215
1;0;0.636363636;0;1;0.95063915;0.211538462;1;0.968446602;0.714285714;1;1;1;0.393162393;0.538461538;1;0.9;1;0.383333333;0.229279408;0.384352968;0;0;0.5;0;0.976361907;0.930150874;0.954686136;0.928797829;0.771953015;0.994972215
1;0;0.636363636;0;1;0.95063915;0.211538462;1;0.968446602;0.714285714;1;1;1;0.393162393;0.538461538;1;0.9;1;0.383333333;0.229279408;0.384352968;0;0;0.5;0;0.976361907;0.932545701;0.955916197;0.928909108;0.771953015;0.994972215
1;0;0.636363636;0;1;0.95063915;0.211538462;1;0.968446602;0.714285714;1;1;1;0.393162393;0.538461538;1;0.9;1;0.383333333;0.229279408;0.384352968;0;0;0.5;0;0.976361907;0.934940528;0.957146258;0.93451389;0.771953015;0.994972215
1;0;0.636363636;0;1;0.959340829;0.211538462;1;0.968446602;0.714285714;1;1;1;0.393162393;0.538461538;1;0.9;1;0.383333333;0.229279408;0.384352968;0;0;0.5;0;0.979894036;0.944120699;0.964923419;0.936869124;0.771953015;0.994972215
1;0;0.636363636;0;1;0.959340829;0.211538462;1;0.968446602;0.714285714;1;1;1;0.393162393;0.538461538;1;0.9;1;0.383333333;0.229279408;0.384352968;0;0;0.5;0;0.980165738;0.944120699;0.965042457;0.936947734;0.771953015;0.994972215
1;0;0.636363636;0;1;0.959340829;0.211538462;1;0.968446602;0.714285714;1;1;1;0.393162393;0.538461538;1;0.9;1;0.383333333;0.229279408;0.384352968;0;0;0.5;0;0.980165738;0.946515526;0.965042457;0.937252985;0.771953015;0.994972215
1;0;0.636363636;0;1;0.959340829;0.211538462;1;0.968446602;0.714285714;1;1;1;0.393162393;0.538461538;1;0.9;1;0.383333333;0.229279408;0.384352968;0;0;0.5;0;0.980165738;0.946914664;0.965042457;0.937585801;0.771953015;0.994972215
1;0;0.636363636;0;1;0.959340829;0.211538462;1;0.968446602;0.714285714;1;1;1;0.393162393;0.538461538;1;0.9;1;0.383333333;0.229279408;0.384352968;0;0;0.5;0;0.982475207;0.94771294;0.966391556;0.937600094;0.771953015;0.999647173
1;0;0.636363636;0;1;0.959340829;0.211538462;1;0.968446602;0.714285714;1;1;1;0.393162393;0.538461538;1;0.9;1;0.383333333;0.229279408;0.384352968;0;0;0.5;0;0.984784676;0.94771294;0.967264503;0.937600094;0.771953015;0.999647173
1;0;0.636363636;0;1;0.959340829;0.211538462;1;0.968446602;0.714285714;1;1;1;0.393162393;0.538461538;1;0.9;1;0.383333333;0.229279408;0.384352968;0;0;0.5;0;0.986007336;0.94771294;0.967264503;0.938177927;0.771953015;0.999647173
1;0;0.636363636;0;1;0.964423225;0.211538462;1;0.968446602;0.714285714;1;1;1;0.393162393;0.538461538;1;0.9;1;0.383333333;0.229279408;0.384352968;0;0;0.5;0;0.993479147;0.950906043;0.974922625;0.944353397;0.771953015;0.999647173
1;0;0.636363636;0;1;0.967734483;0.211538462;1;0.968446602;0.714285714;1;1;1;0.393162393;0.538461538;1;0.9;1;0.383333333;0.229279408;0.384352968;0;0;0.5;0;0.993750849;0.954099146;0.976747877;0.946680045;0.78522032;0.999647173
1;0;0.636363636;0;1;0.967734483;0.211538462;1;0.968446602;0.714285714;1;1;1;0.393162393;0.538461538;1;0.9;1;0.383333333;0.229279408;0.384352968;0;0;0.5;0;0.993750849;0.954498284;0.97722403;0.946680045;0.78522032;0.999647173
1;0;0.636363636;0;1;0.972277838;0.211538462;1;0.968446602;0.714285714;1;1;1;0.393162393;0.538461538;1;0.9;1;0.722222222;0.604671034;0.428019104;0;0;0.5;0;0.993750849;0.954498284;0.97722403;0.946839306;0.78522032;0.999647173
1;0;0.636363636;0;1;0.972277838;0.211538462;1;0.968446602;0.714285714;1;1;1;0.393162393;0.538461538;1;0.9;1;0.722222222;0.604671034;0.428019104;0;0;0.5;0;0.993750849;0.955695697;0.977700183;0.946839306;0.78522032;0.999647173
1;0;0.636363636;0;1;0.976513168;0.211538462;1;0.968446602;0.714285714;1;1;1;0.393162393;0.538461538;1;0.9;1;0.787037037;0.604671034;0.428019104;0;0;0.5;0;0.99633202;0.964875868;0.98762003;0.949708056;0.78522032;0.999647173
1;0;0.636363636;0;1;0.977591252;0.211538462;1;0.968446602;0.80952381;1;1;1;0.393162393;0.538461538;1;0.9;1;0.787037037;0.604671034;0.428019104;0;0;0.5;0;0.998505638;0.965275006;0.988532656;0.950113356;0.78522032;0.999647173
1;0;0.636363636;0;1;0.977591252;0.211538462;1;0.968446602;0.80952381;1;1;1;0.393162393;0.538461538;1;0.9;1;0.787037037;0.604671034;0.428019104;0;0;0.5;0;0.998505638;0.967669833;0.989762717;0.950356332;0.78522032;0.999647173
1;0;0.636363636;0;1;0.977591252;0.211538462;1;0.968446602;0.80952381;1;1;1;0.393162393;0.538461538;1;0.9;1;0.787037037;0.604671034;0.428019104;0;0;0.5;0;0.998505638;0.97006466;0.990992778;0.955961114;0.78522032;0.999647173
1;0;0.636363636;0;1;0.977591252;0.211538462;1;0.968446602;0.80952381;1;1;1;0.393162393;0.538461538;1;0.9;1;0.787037037;0.604671034;0.428019104;0;0;0.5;0;0.998505638;0.97006466;0.990992778;0.961818061;0.916192429;0.999647173
1;0;0.636363636;0;1;0.977591252;0.211538462;1;0.968446602;0.80952381;1;1;1;0.393162393;0.538461538;1;0.9;1;0.787037037;0.604671034;0.430975665;0;0;0.5;0;0.998505638;0.97006466;0.990992778;0.962268281;0.916192429;0.999647173
1;0;0.636363636;0;1;0.977591252;0.211538462;1;0.968446602;0.80952381;1;1;1;0.393162393;0.538461538;1;0.9;1;0.787037037;0.604671034;0.437798499;0;0;0.5;0;0.998505638;0.97006466;0.990992778;0.962797111;0.916192429;0.999647173
1;0;0.636363636;0;1;0.977591252;0.211538462;1;0.968446602;0.80952381;1;1;1;0.393162393;0.538461538;1;0.9;1;0.787037037;0.604671034;0.444393905;0;0;0.5;0;0.998505638;0.97006466;0.990992778;0.96329123;0.916192429;0.999647173
1;0;0.636363636;0;1;0.977591252;0.211538462;1;0.968446602;0.80952381;1;1;1;0.393162393;0.538461538;1;0.9;1;0.787037037;0.604671034;0.444393905;0;0;0.5;0;0.998505638;0.97006466;0.990992778;0.964424437;0.916192429;0.999647173
1;0;0.636363636;0;1;0.978284306;0.211538462;1;0.968446602;0.80952381;1;1;1;0.393162393;0.538461538;1;0.9;1;0.787037037;0.604671034;0.453263589;0;0;0.5;0;0.998505638;0.970463798;0.991349893;0.9647644;0.916192429;0.999647173
1;0;0.636363636;0;1;0.978284306;0.211538462;1;0.972491909;0.80952381;1;1;1;0.393162393;0.538461538;1;0.9;1;0.787037037;0.604671034;0.489424608;0;0;0.5;0;0.998505638;0.970862936;0.991349893;0.965122738;0.937186845;0.999647173
1;0;0.636363636;0;1;0.980209456;0.211538462;1;0.972491909;0.80952381;1;1;1;0.393162393;0.538461538;1;0.9;1;0.787037037;0.604671034;0.489424608;0;0;0.5;0;0.999049042;0.97206035;0.992341878;0.965285062;0.939033576;0.999647173
1;0;0.636363636;0;1;0.982288619;0.211538462;1;0.972491909;0.80952381;1;1;1;0.393162393;0.538461538;1;0.9;1;0.787037037;0.604671034;0.489424608;0;0;0.5;0;0.999049042;0.973656901;0.993254504;0.965476993;0.940467223;0.999647173
1;0;0.636363636;0;1;0.982288619;0.211538462;1;0.972491909;0.80952381;1;1;1;0.393162393;0.538461538;1;0.9;1;0.787037037;0.604671034;0.489424608;0;0;0.5;0;0.999592447;0.974056039;0.993452901;0.965575;0.940467223;0.999647173
1;0;0.636363636;0;1;0.982288619;0.211538462;1;0.972491909;0.80952381;1;1;1;0.393162393;0.538461538;1;0.9;1;0.787037037;0.604671034;0.489424608;0;0;0.5;0;0.999592447;0.974455177;0.993452901;0.966403977;0.977839227;0.999647173
1;0;0.636363636;0;1;0.983366703;0.211538462;1;0.972491909;0.80952381;1;1;1;0.393162393;0.538461538;1;0.9;1;0.885185185;0.783110225;0.489424608;0;0;0.5;0;0.999592447;0.974455177;0.993452901;0.967808746;0.977839227;0.999647173
1;0;0.636363636;0;1;0.984444787;0.211538462;1;0.972491909;0.80952381;1;1;1;0.393162393;0.538461538;1;0.9;1;1;1;0.489424608;0;0;0.5;0;0.999592447;0.974455177;0.993452901;0.969534079;0.977839227;0.999647173
1;0;0.636363636;0;1;0.984444787;0.211538462;1;0.972491909;0.80952381;1;1;1;0.393162393;1;1;1;1;1;1;0.489424608;0;0;0.5;0;0.999592447;0.976450866;0.993532259;0.971952609;1;0.999647173
1;0;0.636363636;0;1;0.984444787;0.211538462;1;0.972491909;1;1;1;1;0.393162393;1;1;1;1;1;1;0.489424608;0;0;0.5;0;0.999592447;0.977249142;0.993532259;0.972130247;1;0.999647173
1;0;0.636363636;0;1;0.984444787;0.211538462;1;0.972491909;1;1;1;1;0.393162393;1;1;1;1;1;1;0.489424608;0;0;0.5;0;0.999592447;0.978047418;0.993532259;0.972372202;1;0.999647173
1;0;0.636363636;0;1;0.984444787;0.211538462;1;0.972491909;1;1;1;1;0.393162393;1;1;1;1;1;1;0.489424608;0;0;0.5;0;0.999592447;0.978047418;0.993532259;0.972481439;1;0.999647173
1;0;0.636363636;0;1;0.984444787;0.211538462;1;0.972491909;1;1;1;1;0.393162393;1;1;1;1;1;1;0.489424608;0;0;0.5;0;0.999592447;0.978047418;0.993532259;0.972681537;1;0.999647173
1;0;0.636363636;0;1;0.984444787;0.211538462;1;0.982200647;1;1;1;1;0.393162393;1;1;1;1;1;1;0.489424608;0;0;0.5;0;0.999592447;0.978845693;0.993611618;0.972733603;1;0.999647173
1;1;0.636363636;0;1;0.99691976;0.211538462;1;0.982200647;1;1;1;1;0.393162393;1;1;1;1;1;1;0.489424608;0;1;0.5;0;0.999592447;0.989622416;0.997658916;0.974649847;1;0.999647173
1;1;0.636363636;0;1;0.99691976;0.211538462;1;1;1;1;1;1;0.393162393;1;1;1;1;1;1;0.489424608;0;1;0.5;0;0.999864149;0.991218967;0.998888977;0.97542982;1;0.999647173
1;1;0.636363636;0;1;0.99845988;0.211538462;1;1;1;1;1;1;0.393162393;1;1;1;1;1;1;0.489424608;0;1;0.5;0;1;0.992017243;0.999404809;0.975832057;1;1
1;1;0.636363636;0;1;0.99845988;0.211538462;1;1;1;1;1;1;0.393162393;1;1;1;1;1;1;0.489424608;0;1;0.5;0;1;0.998802586;1;0.981015205;1;1
1;1;0.636363636;0;1;1;0.211538462;1;1;1;1;1;1;0.393162393;1;1;1;1;1;1;0.511712531;0;1;0.5;0;1;1;1;0.981309226;1;1
1;1;0.636363636;0;1;1;0.211538462;1;1;1;1;1;1;0.393162393;1;1;1;1;1;1;0.511712531;0;1;0.5;0;1;1;1;1;1;1
0;0;0;0;0;0;0;0;0;0;0;0;0;0;0;0;0;0;0;0;0;0;0;0;0;0;0;0;0;0;0
0;0;0;0;0;0;0;0;0;0;0;0;0;0.042735043;0;0;0;0;0;0.033323839;0;0;0;0.8;0;0;0;0;0.000233788;0.001385048;0
0;0;0;0;0;0;0;0;0;0;0;0;0;0.042735043;0;0;0;0;0;0.033323839;0;0;0;0.8;0;0;0.001197414;0.000277756;0.03036383;0.001385048;0
0;0;0;0;0;0;0;0;0;0;0;0;0;0.051282051;0;0;0;0;0;0.033323839;0;0;0;1;0;0;0.001596551;0.000357115;0.062107927;0.001385048;0
0;0;0;0;0;0;0;0;0;0;0;0;0;0.051282051;0;0;0;0;0;0.033323839;0;0;0;1;0;0.000135851;0.001596551;0.000357115;0.062148763;0.001385048;0.00026462
0;0;0;0;0;0;0;0;0;0;0;0;0;0.051282051;0;0;0;0;0;0.033323839;0;0;0;1;0;0.000271702;0.001596551;0.000357115;0.062452994;0.003450471;0.000617447
0;0;0;0;0;0;0;0;0.008899676;0;0;0;0;0.051282051;0;0;0;0;0;0.033323839;0;0;0;1;0;0.000271702;0.002394827;0.000436473;0.073734021;0.004106547;0.000617447
0;0;0;0;0;0;0;0;0.016990291;0;0;0;0;0.051282051;0;0.09375;0;0;0;0.033323839;0;0;0;1;0;0.000271702;0.003193103;0.000436473;0.073919826;0.004106547;0.000617447
0;0;0;0;0;0;0;0;0.016990291;0;0;0;0;0.051282051;0;0.09375;0;0;0;0.033323839;0;0;0;1;0;0.000271702;0.003193103;0.000436473;0.074022938;0.004106547;0.000617447
0;0;0;0;0;0;0;0;0.016990291;0;0;0;0;0.051282051;0;0.09375;0;0;0;0.039020222;0.035251308;0;0;1;0;0.000271702;0.003193103;0.000436473;0.074890709;0.004106547;0.000617447
0;0;0.022727273;0;0;0;0;0.066666667;0.016990291;0;0;0;0;0.051282051;0;0.09375;0;0;0;0.039020222;0.035251308;0;0;1;0;0.000271702;0.003193103;0.000436473;0.075010155;0.004106547;0.000617447
0;0;0.022727273;0;0;0;0;0.066666667;0.016990291;0;0;0;0;0.068376068;0;0.09375;0;0;0;0.039020222;0.035251308;0;0;1;0;0.000271702;0.004390516;0.000555511;0.075573696;0.004106547;0.000617447
0;0;0.022727273;0;0;0;0;0.066666667;0.016990291;0;0;0;0;0.068376068;0;0.09375;0;0;0;0.039020222;0.035251308;0;0;1;0;0.000271702;0.004390516;0.000555511;0.075889157;0.004106547;0.000617447
0;0;0.022727273;0;0;0;0;0.066666667;0.016990291;0;0;0;0;0.068376068;0;0.09375;0;0;0;0.039020222;0.035251308;0;0;1;0;0.000271702;0.004390516;0.000555511;0.076231161;0.004106547;0.000617447
0;0;0.022727273;0;0;0;0;0.066666667;0.016990291;0;0;0;0;0.068376068;0;0.09375;0;0;0;0.146681857;0.035251308;0;0;1;0;0.000271702;0.007184482;0.000555511;0.078528203;0.008553281;0.000617447
0;0;0.022727273;0;0;0;0;0.066666667;0.016990291;0;0;0;0;0.068376068;0;0.09375;0;0;0;0.146681857;0.035251308;0;0;1;0;0.000271702;0.007184482;0.000555511;0.079847215;0.012611229;0.000617447
0;0;0.022727273;0;0;0;0;0.066666667;0.016990291;0;0;0;0;0.068376068;0;0.09375;0;0;0;0.254343492;0.044348419;0;0;1;0;0.000271702;0.014368963;0.002063328;0.084703672;0.012611229;0.000617447
0;0;0.022727273;0;0;0;0;0.066666667;0.016990291;0;0;0;0;0.068376068;0;0.09375;0;0;0;0.254343492;0.515351376;0;0;1;0;0.000271702;0.017162928;0.002063328;0.094664666;0.012611229;0.000617447
0;0;0.022727273;0;0;0;0;0.066666667;0.016990291;0;0;0;0;0.068376068;0;0.09375;0;0;0;0.254343492;0.515351376;0;0;1;0;0.000815107;0.017162928;0.002063328;0.095486497;0.012611229;0.000617447
0;0;0.022727273;0;0;0;0;0.066666667;0.016990291;0;0;0;0;0.068376068;0;0.09375;0;0;0;0.254343492;0.515351376;0;0;1;0;0.000815107;0.017162928;0.002063328;0.09591834;0.012611229;0.000617447
0;0;0.022727273;0;0;0;0;0.066666667;0.016990291;0;0;0;0;0.085470085;0;0.09375;0;0;0;0.254343492;0.515351376;0;0;1;0;0.001086809;0.017562066;0.002380763;0.096263407;0.013097211;0.000617447
0;0;0.022727273;0;0;0;0;0.066666667;0.016990291;0;0;0;0;0.085470085;0;0.09375;0;0;0;0.254343492;0.515351376;0;0;1;0;0.001086809;0.019557755;0.00261884;0.100184713;0.013097211;0.000617447
0;0;0.022727273;0;0;0;0;0.066666667;0.016990291;0;0;0;0;0.085470085;0;0.09375;0;0;0;0.254343492;0.515351376;0;0;1;0;0.001086809;0.019557755;0.00261884;0.105515892;0.013097211;0.000617447
0;0;0.022727273;0;0;0;0;0.066666667;0.016990291;0;0;0;0;0.085470085;0;0.09375;0;0;0;0.254343492;0.515351376;0;0;1;0;0.001086809;0.020356031;0.002698199;0.115213492;0.033994431;0.000617447
0;0;0.022727273;0;0;0;0;0.066666667;0.016990291;0;0;0;0;0.085470085;0;0.09375;0;0;0;0.254343492;0.515351376;0;0;1;0;0.001086809;0.020356031;0.002698199;0.115262495;0.033994431;0.000617447
0;0;0.022727273;0;0;0;0;0.066666667;0.016990291;0;0;0;0;0.102564103;0;0.09375;0;0;0;0.254343492;0.515351376;0;0;1;0;0.001086809;0.020755169;0.002698199;0.115311499;0.033994431;0.000617447
0;0;0.022727273;0;0;0;0;0.066666667;0.016990291;0;0;0;0;0.196581197;0;0.09375;0;0;0;0.254343492;0.515351376;0;0;1;0;0.001086809;0.023549134;0.002975954;0.133778694;0.033994431;0.000617447
0;0;0.022727273;0;0;0;0;0.066666667;0.016990291;0;0;0;0;0.196581197;0;0.09375;0;0;0;0.254343492;0.515351376;0;0;1;0;0.001086809;0.029536202;0.005039283;0.137308992;0.124435654;0.000617447
0;0;0.034090909;0;0;0;0;0.066666667;0.016990291;0;0;0;0;0.196581197;0;0.09375;0;0;0;0.254343492;0.515351376;0;0;1;0;0.001086809;0.029536202;0.005078962;0.137328389;0.124435654;0.000617447
0;0;0.034090909;0;0;0;0;0.066666667;0.016990291;0.095238095;0;0;0;0.196581197;0;0.09375;0;0;0;0.254343492;0.515351376;0;0;1;0;0.001086809;0.02993534;0.005078962;0.13885873;0.124435654;0.000617447
0;0;0.034090909;0;0;0;0;0.066666667;0.016990291;0.095238095;0;0;0;0.196581197;0;0.09375;0;0;0;0.254343492;0.515351376;0;0;1;0;0.001630213;0.02993534;0.005078962;0.139324263;0.124435654;0.001764135
0;0;0.034090909;0;0;0;0;0.066666667;0.027508091;0.095238095;0;0;0;0.222222222;0;0.09375;0;0.357142857;0;0.254343492;0.515351376;0;0;1;0;0.002852873;0.031931029;0.005475756;0.148355211;0.124435654;0.001764135
0;0;0.034090909;0;0;0.000693054;0;0.066666667;0.027508091;0.095238095;0;0;0;0.290598291;0;0.09375;0;0.535714286;0;0.254343492;0.515351376;0;0;1;0;0.002852873;0.03552327;0.005475756;0.152817597;0.222409595;0.001764135
0;0;0.034090909;0;0;0.000693054;0;0.066666667;0.027508091;0.095238095;0;0;0;0.820512821;0;0.09375;0;0.535714286;0;0.600398747;0.515351376;0.955974843;0;1;0;0.010460535;0.03552327;0.005475756;0.152817597;0.474779972;0.001764135
0.075630252;0.105263158;0.034090909;0;0;0.000693054;0;0.066666667;0.027508091;0.095238095;0;0;0;0.820512821;0;0.09375;0;0.535714286;0;0.600398747;0.515351376;1;0;1;0;0.010460535;0.03552327;0.005594794;0.152893145;0.474779972;0.001764135
0.075630252;0.105263158;0.034090909;0;0;0.000693054;0;0.066666667;0.027508091;0.095238095;0;0;0;1;0;0.703125;0;0.535714286;0;0.600398747;0.515351376;1;0;1;0;0.010460535;0.048694819;0.005594794;0.179059003;0.496843548;0.001764135
0.075630252;0.105263158;0.556818182;0;0;0.024256892;0;0.066666667;0.027508091;0.095238095;0;0;0;1;0;0.703125;0;0.535714286;0;0.600398747;0.98044121;1;0;1;0;0.010460535;0.052686198;0.009721451;0.245236267;0.606942737;0.001764135
0.075630252;0.105263158;0.943181818;1;0;0.026259048;0;0.066666667;0.027508091;0.095238095;0;0;0;1;0;0.703125;0;0.535714286;0.074074074;0.740529764;1;1;0;1;1;0.096997691;0.350842181;0.009721451;0.246082599;0.611073583;0.001764135
0.075630252;0.105263158;0.965909091;1;0;0.026259048;0;0.133333333;0.027508091;0.095238095;0;0;0;1;0;0.703125;0;0.535714286;0.074074074;0.740529764;1;1;0;1;1;0.096997691;0.350842181;0.009721451;0.246241861;0.611073583;0.001764135
0.075630252;0.105263158;0.965909091;1;0;0.026259048;0;0.133333333;0.027508091;0.095238095;0;0;0;1;0;0.703125;0;0.535714286;0.074074074;0.740529764;1;1;0;1;1;0.096997691;0.352438732;0.010356321;0.24658999;0.613211903;0.001764135
0.075630252;0.105263158;1;1;0;0.031649469;0;0.133333333;0.027508091;0.095238095;0;0.106382979;0;1;0;0.703125;0;0.535714286;0.074074074;0.740529764;1;1;0;1;1;0.096997691;0.356829249;0.010991191;0.259764801;0.618071721;0.001764135
0.075630252;0.210526316;1;1;0;0.031649469;0.269230769;0.133333333;0.06512945;0.285714286;0;0.106382979;0;1;0;0.703125;0;0.678571429;0.192592593;0.740529764;1;1;0.106666667;1;1;0.100258117;0.359224076;0.012895802;0.263163402;0.618071721;0.001764135
0.075630252;0.210526316;1;1;0;0.031649469;0.269230769;0.133333333;0.06512945;0.285714286;0;0.106382979;0;1;0;0.703125;0;0.678571429;0.192592593;0.740529764;1;1;0.106666667;1;1;0.100258117;0.360022352;0.012895802;0.263270598;0.618071721;0.001764135
0.075630252;0.210526316;1;1;0;0.031649469;0.269230769;0.133333333;0.06512945;0.285714286;0;0.106382979;0;1;0;0.703125;0;0.678571429;0.192592593;0.740529764;1;1;0.106666667;1;1;0.101616628;0.36042149;0.014363939;0.264575317;0.62961379;0.001764135
0.075630252;0.210526316;1;1;0;0.031649469;0.269230769;0.133333333;0.06512945;0.285714286;0;0.106382979;0;1;0;0.703125;0;0.678571429;0.192592593;0.740529764;1;1;0.106666667;1;1;0.101616628;0.36042149;0.014363939;0.26529812;0.62961379;0.001764135
0.075630252;0.210526316;1;1;0;0.031649469;0.269230769;0.133333333;0.06512945;0.285714286;0;0.106382979;0;1;0;0.703125;0;0.678571429;0.192592593;0.740529764;1;1;0.106666667;1;1;0.101616628;0.36042149;0.014363939;0.266560982;0.65962317;0.001764135
0.075630252;0.210526316;1;1;0;0.031649469;0.269230769;0.133333333;0.06512945;0.285714286;0;0.106382979;0;1;0;0.703125;0;0.678571429;0.192592593;0.740529764;1;1;0.106666667;1;1;0.101616628;0.36042149;0.014363939;0.266676345;0.66095962;0.001764135
0.075630252;0.210526316;1;1;0;0.031649469;0.269230769;0.133333333;0.06512945;0.285714286;0;0.106382979;0;1;0;0.703125;0;0.678571429;0.192592593;0.740529764;1;1;0.106666667;1;1;0.102024181;0.36042149;0.014840092;0.268705909;0.66095962;0.001764135
0.075630252;0.210526316;1;1;0;0.031649469;0.269230769;0.133333333;0.06512945;0.285714286;0;0.106382979;0;1;0;0.703125;0;0.678571429;0.192592593;0.740529764;1;1;0.106666667;1;1;0.102024181;0.36042149;0.014840092;0.270756912;0.66095962;0.001764135
0.075630252;0.210526316;1;1;0;0.031649469;0.269230769;0.133333333;0.06512945;0.285714286;0;0.106382979;0;1;0;0.703125;0;0.678571429;0.192592593;0.740529764;1;1;0.106666667;1;1;0.102431735;0.36042149;0.015316245;0.271396;0.66095962;0.001764135
0.075630252;0.210526316;1;1;0;0.031649469;0.269230769;0.133333333;0.06512945;0.285714286;0;0.106382979;0;1;0;0.703125;0;0.678571429;0.192592593;0.740529764;1;1;0.106666667;1;1;0.102839288;0.36042149;0.015792397;0.275702188;0.66095962;0.001764135
0.075630252;0.210526316;1;1;0;0.031649469;0.653846154;0.133333333;0.06512945;0.285714286;0;0.106382979;0;1;0;0.703125;0;0.678571429;0.192592593;0.740529764;1;1;0.106666667;1;1;0.103926097;0.36042149;0.015792397;0.276362715;0.670557761;0.001764135
0.075630252;0.210526316;1;1;0;0.031649469;1;0.133333333;0.06512945;0.285714286;0;0.106382979;0;1;0;0.703125;0;0.678571429;0.192592593;0.740529764;1;1;0.106666667;1;1;0.105012906;0.36042149;0.015792397;0.276963009;0.685161516;0.001764135
0.075630252;0.210526316;1;1;0;0.032342523;1;0.133333333;0.06512945;0.285714286;0;0.106382979;0;1;0;0.703125;0;0.678571429;0.192592593;0.740529764;1;1;0.106666667;1;1;0.105420459;0.360820627;0.01690342;0.27726826;0.689899839;0.001764135
0.075630252;0.210526316;1;1;0;0.033035577;1;0.133333333;0.06512945;0.285714286;0;0.106382979;0;1;0;0.703125;0;0.678571429;0.192592593;0.740529764;1;1;0.106666667;1;1;0.105420459;0.361219765;0.017538291;0.277500006;0.690580214;0.001764135
0.075630252;0.210526316;1;1;0;0.033035577;1;0.133333333;0.06512945;0.285714286;0;0.106382979;0;1;0;0.703125;0;0.678571429;0.192592593;0.740529764;1;1;0.106666667;1;1;0.105828012;0.361618903;0.018093802;0.277578616;0.690580214;0.001764135
0.075630252;0.210526316;1;1;0;0.033035577;1;0.133333333;0.06512945;0.285714286;0;0.106382979;0;1;0;0.703125;0;0.678571429;0.192592593;0.740529764;1;1;0.106666667;1;1;0.105828012;0.361618903;0.018093802;0.280589272;0.690580214;0.001764135
0.075630252;0.210526316;1;1;0;0.033728631;1;0.133333333;0.06512945;0.285714286;0;0.106382979;0;1;0;0.703125;0;0.678571429;0.192592593;0.740529764;1;1;0.106666667;1;1;0.105828012;0.362018041;0.018688993;0.28084552;0.692426945;0.001764135
0.075630252;0.210526316;1;1;0;0.034421685;1;0.133333333;0.06512945;0.285714286;0;0.106382979;0;1;0;0.703125;0;0.678571429;0.192592593;0.740529764;1;1;0.106666667;1;1;0.105828012;0.362417179;0.01884771;0.281013969;0.699182093;0.001764135
0.075630252;0.210526316;1;1;0;0.034421685;1;0.133333333;0.06512945;0.285714286;0;0.106382979;0;1;0;0.703125;0;0.678571429;0.192592593;0.740529764;1;1;0.106666667;1;1;0.106235566;0.362816317;0.019403222;0.281567301;0.699182093;0.001764135
0.075630252;0.210526316;1;1;0;0.035114739;1;0.133333333;0.06512945;0.285714286;0;0.106382979;0;1;0;0.703125;0;0.678571429;0.192592593;0.740529764;1;1;0.106666667;1;1;0.106235566;0.363215455;0.019998413;0.283183398;0.699376485;0.001764135
0.075630252;0.210526316;1;1;0;0.035114739;1;0.133333333;0.06512945;0.285714286;0;0.106382979;0;1;0;0.703125;0;0.678571429;0.192592593;0.740529764;1;1;0.106666667;1;1;0.106235566;0.363215455;0.019998413;0.283745918;0.699376485;0.001764135
0.075630252;0.210526316;1;1;0;0.035807793;1;0.133333333;0.06512945;0.285714286;0;0.106382979;0;1;0;0.703125;0;0.678571429;0.192592593;0.740529764;1;1;0.106666667;1;1;0.106235566;0.363614592;0.02015713;0.283794921;0.699376485;0.001764135
0.075630252;0.210526316;1;1;0;0.035807793;1;0.133333333;0.09223301;0.285714286;0;0.106382979;0;1;0;0.703125;0;0.678571429;0.192592593;0.740529764;1;1;0.106666667;1;1;0.106507268;0.365610282;0.020553924;0.283859239;0.699376485;0.001764135
0.075630252;0.210526316;1;1;0;0.035807793;1;0.133333333;0.09223301;0.285714286;0;0.106382979;0;1;0;0.703125;0;0.678571429;0.192592593;0.740529764;1;1;0.106666667;1;1;0.106507268;0.365610282;0.020553924;0.283910284;0.699813869;0.001764135
0.075630252;0.210526316;1;1;0;0.035807793;1;0.133333333;0.09223301;0.285714286;0;0.106382979;0;1;0;0.703125;0;0.678571429;0.192592593;0.740529764;1;1;0.106666667;1;1;0.106507268;0.365610282;0.020553924;0.283929681;0.699813869;0.001764135
